date,date_id,year,month,month_name,month_year,quarter,fiscal_quarter,day_of_week,week_start
2024-06-01,20240601,2024,6,Jun,Jun 2024,2,FY2024-Q2,Saturday,2024-05-27
2024-06-02,20240602,2024,6,Jun,Jun 2024,2,FY2024-Q2,Sunday,2024-05-27
2024-06-03,20240603,2024,6,Jun,Jun 2024,2,FY2024-Q2,Monday,2024-06-03
2024-06-04,20240604,2024,6,Jun,Jun 2024,2,FY2024-Q2,Tuesday,2024-06-03
2024-06-05,20240605,2024,6,Jun,Jun 2024,2,FY2024-Q2,Wednesday,2024-06-03
2024-06-06,20240606,2024,6,Jun,Jun 2024,2,FY2024-Q2,Thursday,2024-06-03
2024-06-07,20240607,2024,6,Jun,Jun 2024,2,FY2024-Q2,Friday,2024-06-03
2024-06-08,20240608,2024,6,Jun,Jun 2024,2,FY2024-Q2,Saturday,2024-06-03
2024-06-09,20240609,2024,6,Jun,Jun 2024,2,FY2024-Q2,Sunday,2024-06-03
2024-06-10,20240610,2024,6,Jun,Jun 2024,2,FY2024-Q2,Monday,2024-06-10
2024-06-11,20240611,2024,6,Jun,Jun 2024,2,FY2024-Q2,Tuesday,2024-06-10
2024-06-12,20240612,2024,6,Jun,Jun 2024,2,FY2024-Q2,Wednesday,2024-06-10
2024-06-13,20240613,2024,6,Jun,Jun 2024,2,FY2024-Q2,Thursday,2024-06-10
2024-06-14,20240614,2024,6,Jun,Jun 2024,2,FY2024-Q2,Friday,2024-06-10
2024-06-15,20240615,2024,6,Jun,Jun 2024,2,FY2024-Q2,Saturday,2024-06-10
2024-06-16,20240616,2024,6,Jun,Jun 2024,2,FY2024-Q2,Sunday,2024-06-10
2024-06-17,20240617,2024,6,Jun,Jun 2024,2,FY2024-Q2,Monday,2024-06-17
2024-06-18,20240618,2024,6,Jun,Jun 2024,2,FY2024-Q2,Tuesday,2024-06-17
2024-06-19,20240619,2024,6,Jun,Jun 2024,2,FY2024-Q2,Wednesday,2024-06-17
2024-06-20,20240620,2024,6,Jun,Jun 2024,2,FY2024-Q2,Thursday,2024-06-17
2024-06-21,20240621,2024,6,Jun,Jun 2024,2,FY2024-Q2,Friday,2024-06-17
2024-06-22,20240622,2024,6,Jun,Jun 2024,2,FY2024-Q2,Saturday,2024-06-17
2024-06-23,20240623,2024,6,Jun,Jun 2024,2,FY2024-Q2,Sunday,2024-06-17
2024-06-24,20240624,2024,6,Jun,Jun 2024,2,FY2024-Q2,Monday,2024-06-24
2024-06-25,20240625,2024,6,Jun,Jun 2024,2,FY2024-Q2,Tuesday,2024-06-24
2024-06-26,20240626,2024,6,Jun,Jun 2024,2,FY2024-Q2,Wednesday,2024-06-24
2024-06-27,20240627,2024,6,Jun,Jun 2024,2,FY2024-Q2,Thursday,2024-06-24
2024-06-28,20240628,2024,6,Jun,Jun 2024,2,FY2024-Q2,Friday,2024-06-24
2024-06-29,20240629,2024,6,Jun,Jun 2024,2,FY2024-Q2,Saturday,2024-06-24
2024-06-30,20240630,2024,6,Jun,Jun 2024,2,FY2024-Q2,Sunday,2024-06-24
2024-07-01,20240701,2024,7,Jul,Jul 2024,3,FY2024-Q3,Monday,2024-07-01
2024-07-02,20240702,2024,7,Jul,Jul 2024,3,FY2024-Q3,Tuesday,2024-07-01
2024-07-03,20240703,2024,7,Jul,Jul 2024,3,FY2024-Q3,Wednesday,2024-07-01
2024-07-04,20240704,2024,7,Jul,Jul 2024,3,FY2024-Q3,Thursday,2024-07-01
2024-07-05,20240705,2024,7,Jul,Jul 2024,3,FY2024-Q3,Friday,2024-07-01
2024-07-06,20240706,2024,7,Jul,Jul 2024,3,FY2024-Q3,Saturday,2024-07-01
2024-07-07,20240707,2024,7,Jul,Jul 2024,3,FY2024-Q3,Sunday,2024-07-01
2024-07-08,20240708,2024,7,Jul,Jul 2024,3,FY2024-Q3,Monday,2024-07-08
2024-07-09,20240709,2024,7,Jul,Jul 2024,3,FY2024-Q3,Tuesday,2024-07-08
2024-07-10,20240710,2024,7,Jul,Jul 2024,3,FY2024-Q3,Wednesday,2024-07-08
2024-07-11,20240711,2024,7,Jul,Jul 2024,3,FY2024-Q3,Thursday,2024-07-08
2024-07-12,20240712,2024,7,Jul,Jul 2024,3,FY2024-Q3,Friday,2024-07-08
2024-07-13,20240713,2024,7,Jul,Jul 2024,3,FY2024-Q3,Saturday,2024-07-08
2024-07-14,20240714,2024,7,Jul,Jul 2024,3,FY2024-Q3,Sunday,2024-07-08
2024-07-15,20240715,2024,7,Jul,Jul 2024,3,FY2024-Q3,Monday,2024-07-15
2024-07-16,20240716,2024,7,Jul,Jul 2024,3,FY2024-Q3,Tuesday,2024-07-15
2024-07-17,20240717,2024,7,Jul,Jul 2024,3,FY2024-Q3,Wednesday,2024-07-15
2024-07-18,20240718,2024,7,Jul,Jul 2024,3,FY2024-Q3,Thursday,2024-07-15
2024-07-19,20240719,2024,7,Jul,Jul 2024,3,FY2024-Q3,Friday,2024-07-15
2024-07-20,20240720,2024,7,Jul,Jul 2024,3,FY2024-Q3,Saturday,2024-07-15
2024-07-21,20240721,2024,7,Jul,Jul 2024,3,FY2024-Q3,Sunday,2024-07-15
2024-07-22,20240722,2024,7,Jul,Jul 2024,3,FY2024-Q3,Monday,2024-07-22
2024-07-23,20240723,2024,7,Jul,Jul 2024,3,FY2024-Q3,Tuesday,2024-07-22
2024-07-24,20240724,2024,7,Jul,Jul 2024,3,FY2024-Q3,Wednesday,2024-07-22
2024-07-25,20240725,2024,7,Jul,Jul 2024,3,FY2024-Q3,Thursday,2024-07-22
2024-07-26,20240726,2024,7,Jul,Jul 2024,3,FY2024-Q3,Friday,2024-07-22
2024-07-27,20240727,2024,7,Jul,Jul 2024,3,FY2024-Q3,Saturday,2024-07-22
2024-07-28,20240728,2024,7,Jul,Jul 2024,3,FY2024-Q3,Sunday,2024-07-22
2024-07-29,20240729,2024,7,Jul,Jul 2024,3,FY2024-Q3,Monday,2024-07-29
2024-07-30,20240730,2024,7,Jul,Jul 2024,3,FY2024-Q3,Tuesday,2024-07-29
2024-07-31,20240731,2024,7,Jul,Jul 2024,3,FY2024-Q3,Wednesday,2024-07-29
2024-08-01,20240801,2024,8,Aug,Aug 2024,3,FY2024-Q3,Thursday,2024-07-29
2024-08-02,20240802,2024,8,Aug,Aug 2024,3,FY2024-Q3,Friday,2024-07-29
2024-08-03,20240803,2024,8,Aug,Aug 2024,3,FY2024-Q3,Saturday,2024-07-29
2024-08-04,20240804,2024,8,Aug,Aug 2024,3,FY2024-Q3,Sunday,2024-07-29
2024-08-05,20240805,2024,8,Aug,Aug 2024,3,FY2024-Q3,Monday,2024-08-05
2024-08-06,20240806,2024,8,Aug,Aug 2024,3,FY2024-Q3,Tuesday,2024-08-05
2024-08-07,20240807,2024,8,Aug,Aug 2024,3,FY2024-Q3,Wednesday,2024-08-05
2024-08-08,20240808,2024,8,Aug,Aug 2024,3,FY2024-Q3,Thursday,2024-08-05
2024-08-09,20240809,2024,8,Aug,Aug 2024,3,FY2024-Q3,Friday,2024-08-05
2024-08-10,20240810,2024,8,Aug,Aug 2024,3,FY2024-Q3,Saturday,2024-08-05
2024-08-11,20240811,2024,8,Aug,Aug 2024,3,FY2024-Q3,Sunday,2024-08-05
2024-08-12,20240812,2024,8,Aug,Aug 2024,3,FY2024-Q3,Monday,2024-08-12
2024-08-13,20240813,2024,8,Aug,Aug 2024,3,FY2024-Q3,Tuesday,2024-08-12
2024-08-14,20240814,2024,8,Aug,Aug 2024,3,FY2024-Q3,Wednesday,2024-08-12
2024-08-15,20240815,2024,8,Aug,Aug 2024,3,FY2024-Q3,Thursday,2024-08-12
2024-08-16,20240816,2024,8,Aug,Aug 2024,3,FY2024-Q3,Friday,2024-08-12
2024-08-17,20240817,2024,8,Aug,Aug 2024,3,FY2024-Q3,Saturday,2024-08-12
2024-08-18,20240818,2024,8,Aug,Aug 2024,3,FY2024-Q3,Sunday,2024-08-12
2024-08-19,20240819,2024,8,Aug,Aug 2024,3,FY2024-Q3,Monday,2024-08-19
2024-08-20,20240820,2024,8,Aug,Aug 2024,3,FY2024-Q3,Tuesday,2024-08-19
2024-08-21,20240821,2024,8,Aug,Aug 2024,3,FY2024-Q3,Wednesday,2024-08-19
2024-08-22,20240822,2024,8,Aug,Aug 2024,3,FY2024-Q3,Thursday,2024-08-19
2024-08-23,20240823,2024,8,Aug,Aug 2024,3,FY2024-Q3,Friday,2024-08-19
2024-08-24,20240824,2024,8,Aug,Aug 2024,3,FY2024-Q3,Saturday,2024-08-19
2024-08-25,20240825,2024,8,Aug,Aug 2024,3,FY2024-Q3,Sunday,2024-08-19
2024-08-26,20240826,2024,8,Aug,Aug 2024,3,FY2024-Q3,Monday,2024-08-26
2024-08-27,20240827,2024,8,Aug,Aug 2024,3,FY2024-Q3,Tuesday,2024-08-26
2024-08-28,20240828,2024,8,Aug,Aug 2024,3,FY2024-Q3,Wednesday,2024-08-26
2024-08-29,20240829,2024,8,Aug,Aug 2024,3,FY2024-Q3,Thursday,2024-08-26
2024-08-30,20240830,2024,8,Aug,Aug 2024,3,FY2024-Q3,Friday,2024-08-26
2024-08-31,20240831,2024,8,Aug,Aug 2024,3,FY2024-Q3,Saturday,2024-08-26
2024-09-01,20240901,2024,9,Sep,Sep 2024,3,FY2024-Q3,Sunday,2024-08-26
2024-09-02,20240902,2024,9,Sep,Sep 2024,3,FY2024-Q3,Monday,2024-09-02
2024-09-03,20240903,2024,9,Sep,Sep 2024,3,FY2024-Q3,Tuesday,2024-09-02
2024-09-04,20240904,2024,9,Sep,Sep 2024,3,FY2024-Q3,Wednesday,2024-09-02
2024-09-05,20240905,2024,9,Sep,Sep 2024,3,FY2024-Q3,Thursday,2024-09-02
2024-09-06,20240906,2024,9,Sep,Sep 2024,3,FY2024-Q3,Friday,2024-09-02
2024-09-07,20240907,2024,9,Sep,Sep 2024,3,FY2024-Q3,Saturday,2024-09-02
2024-09-08,20240908,2024,9,Sep,Sep 2024,3,FY2024-Q3,Sunday,2024-09-02
2024-09-09,20240909,2024,9,Sep,Sep 2024,3,FY2024-Q3,Monday,2024-09-09
2024-09-10,20240910,2024,9,Sep,Sep 2024,3,FY2024-Q3,Tuesday,2024-09-09
2024-09-11,20240911,2024,9,Sep,Sep 2024,3,FY2024-Q3,Wednesday,2024-09-09
2024-09-12,20240912,2024,9,Sep,Sep 2024,3,FY2024-Q3,Thursday,2024-09-09
2024-09-13,20240913,2024,9,Sep,Sep 2024,3,FY2024-Q3,Friday,2024-09-09
2024-09-14,20240914,2024,9,Sep,Sep 2024,3,FY2024-Q3,Saturday,2024-09-09
2024-09-15,20240915,2024,9,Sep,Sep 2024,3,FY2024-Q3,Sunday,2024-09-09
2024-09-16,20240916,2024,9,Sep,Sep 2024,3,FY2024-Q3,Monday,2024-09-16
2024-09-17,20240917,2024,9,Sep,Sep 2024,3,FY2024-Q3,Tuesday,2024-09-16
2024-09-18,20240918,2024,9,Sep,Sep 2024,3,FY2024-Q3,Wednesday,2024-09-16
2024-09-19,20240919,2024,9,Sep,Sep 2024,3,FY2024-Q3,Thursday,2024-09-16
2024-09-20,20240920,2024,9,Sep,Sep 2024,3,FY2024-Q3,Friday,2024-09-16
2024-09-21,20240921,2024,9,Sep,Sep 2024,3,FY2024-Q3,Saturday,2024-09-16
2024-09-22,20240922,2024,9,Sep,Sep 2024,3,FY2024-Q3,Sunday,2024-09-16
2024-09-23,20240923,2024,9,Sep,Sep 2024,3,FY2024-Q3,Monday,2024-09-23
2024-09-24,20240924,2024,9,Sep,Sep 2024,3,FY2024-Q3,Tuesday,2024-09-23
2024-09-25,20240925,2024,9,Sep,Sep 2024,3,FY2024-Q3,Wednesday,2024-09-23
2024-09-26,20240926,2024,9,Sep,Sep 2024,3,FY2024-Q3,Thursday,2024-09-23
2024-09-27,20240927,2024,9,Sep,Sep 2024,3,FY2024-Q3,Friday,2024-09-23
2024-09-28,20240928,2024,9,Sep,Sep 2024,3,FY2024-Q3,Saturday,2024-09-23
2024-09-29,20240929,2024,9,Sep,Sep 2024,3,FY2024-Q3,Sunday,2024-09-23
2024-09-30,20240930,2024,9,Sep,Sep 2024,3,FY2024-Q3,Monday,2024-09-30
2024-10-01,20241001,2024,10,Oct,Oct 2024,4,FY2024-Q4,Tuesday,2024-09-30
2024-10-02,20241002,2024,10,Oct,Oct 2024,4,FY2024-Q4,Wednesday,2024-09-30
2024-10-03,20241003,2024,10,Oct,Oct 2024,4,FY2024-Q4,Thursday,2024-09-30
2024-10-04,20241004,2024,10,Oct,Oct 2024,4,FY2024-Q4,Friday,2024-09-30
2024-10-05,20241005,2024,10,Oct,Oct 2024,4,FY2024-Q4,Saturday,2024-09-30
2024-10-06,20241006,2024,10,Oct,Oct 2024,4,FY2024-Q4,Sunday,2024-09-30
2024-10-07,20241007,2024,10,Oct,Oct 2024,4,FY2024-Q4,Monday,2024-10-07
2024-10-08,20241008,2024,10,Oct,Oct 2024,4,FY2024-Q4,Tuesday,2024-10-07
2024-10-09,20241009,2024,10,Oct,Oct 2024,4,FY2024-Q4,Wednesday,2024-10-07
2024-10-10,20241010,2024,10,Oct,Oct 2024,4,FY2024-Q4,Thursday,2024-10-07
2024-10-11,20241011,2024,10,Oct,Oct 2024,4,FY2024-Q4,Friday,2024-10-07
2024-10-12,20241012,2024,10,Oct,Oct 2024,4,FY2024-Q4,Saturday,2024-10-07
2024-10-13,20241013,2024,10,Oct,Oct 2024,4,FY2024-Q4,Sunday,2024-10-07
2024-10-14,20241014,2024,10,Oct,Oct 2024,4,FY2024-Q4,Monday,2024-10-14
2024-10-15,20241015,2024,10,Oct,Oct 2024,4,FY2024-Q4,Tuesday,2024-10-14
2024-10-16,20241016,2024,10,Oct,Oct 2024,4,FY2024-Q4,Wednesday,2024-10-14
2024-10-17,20241017,2024,10,Oct,Oct 2024,4,FY2024-Q4,Thursday,2024-10-14
2024-10-18,20241018,2024,10,Oct,Oct 2024,4,FY2024-Q4,Friday,2024-10-14
2024-10-19,20241019,2024,10,Oct,Oct 2024,4,FY2024-Q4,Saturday,2024-10-14
2024-10-20,20241020,2024,10,Oct,Oct 2024,4,FY2024-Q4,Sunday,2024-10-14
2024-10-21,20241021,2024,10,Oct,Oct 2024,4,FY2024-Q4,Monday,2024-10-21
2024-10-22,20241022,2024,10,Oct,Oct 2024,4,FY2024-Q4,Tuesday,2024-10-21
2024-10-23,20241023,2024,10,Oct,Oct 2024,4,FY2024-Q4,Wednesday,2024-10-21
2024-10-24,20241024,2024,10,Oct,Oct 2024,4,FY2024-Q4,Thursday,2024-10-21
2024-10-25,20241025,2024,10,Oct,Oct 2024,4,FY2024-Q4,Friday,2024-10-21
2024-10-26,20241026,2024,10,Oct,Oct 2024,4,FY2024-Q4,Saturday,2024-10-21
2024-10-27,20241027,2024,10,Oct,Oct 2024,4,FY2024-Q4,Sunday,2024-10-21
2024-10-28,20241028,2024,10,Oct,Oct 2024,4,FY2024-Q4,Monday,2024-10-28
2024-10-29,20241029,2024,10,Oct,Oct 2024,4,FY2024-Q4,Tuesday,2024-10-28
2024-10-30,20241030,2024,10,Oct,Oct 2024,4,FY2024-Q4,Wednesday,2024-10-28
2024-10-31,20241031,2024,10,Oct,Oct 2024,4,FY2024-Q4,Thursday,2024-10-28
2024-11-01,20241101,2024,11,Nov,Nov 2024,4,FY2024-Q4,Friday,2024-10-28
2024-11-02,20241102,2024,11,Nov,Nov 2024,4,FY2024-Q4,Saturday,2024-10-28
2024-11-03,20241103,2024,11,Nov,Nov 2024,4,FY2024-Q4,Sunday,2024-10-28
2024-11-04,20241104,2024,11,Nov,Nov 2024,4,FY2024-Q4,Monday,2024-11-04
2024-11-05,20241105,2024,11,Nov,Nov 2024,4,FY2024-Q4,Tuesday,2024-11-04
2024-11-06,20241106,2024,11,Nov,Nov 2024,4,FY2024-Q4,Wednesday,2024-11-04
2024-11-07,20241107,2024,11,Nov,Nov 2024,4,FY2024-Q4,Thursday,2024-11-04
2024-11-08,20241108,2024,11,Nov,Nov 2024,4,FY2024-Q4,Friday,2024-11-04
2024-11-09,20241109,2024,11,Nov,Nov 2024,4,FY2024-Q4,Saturday,2024-11-04
2024-11-10,20241110,2024,11,Nov,Nov 2024,4,FY2024-Q4,Sunday,2024-11-04
2024-11-11,20241111,2024,11,Nov,Nov 2024,4,FY2024-Q4,Monday,2024-11-11
2024-11-12,20241112,2024,11,Nov,Nov 2024,4,FY2024-Q4,Tuesday,2024-11-11
2024-11-13,20241113,2024,11,Nov,Nov 2024,4,FY2024-Q4,Wednesday,2024-11-11
2024-11-14,20241114,2024,11,Nov,Nov 2024,4,FY2024-Q4,Thursday,2024-11-11
2024-11-15,20241115,2024,11,Nov,Nov 2024,4,FY2024-Q4,Friday,2024-11-11
2024-11-16,20241116,2024,11,Nov,Nov 2024,4,FY2024-Q4,Saturday,2024-11-11
2024-11-17,20241117,2024,11,Nov,Nov 2024,4,FY2024-Q4,Sunday,2024-11-11
2024-11-18,20241118,2024,11,Nov,Nov 2024,4,FY2024-Q4,Monday,2024-11-18
2024-11-19,20241119,2024,11,Nov,Nov 2024,4,FY2024-Q4,Tuesday,2024-11-18
2024-11-20,20241120,2024,11,Nov,Nov 2024,4,FY2024-Q4,Wednesday,2024-11-18
2024-11-21,20241121,2024,11,Nov,Nov 2024,4,FY2024-Q4,Thursday,2024-11-18
2024-11-22,20241122,2024,11,Nov,Nov 2024,4,FY2024-Q4,Friday,2024-11-18
2024-11-23,20241123,2024,11,Nov,Nov 2024,4,FY2024-Q4,Saturday,2024-11-18
2024-11-24,20241124,2024,11,Nov,Nov 2024,4,FY2024-Q4,Sunday,2024-11-18
2024-11-25,20241125,2024,11,Nov,Nov 2024,4,FY2024-Q4,Monday,2024-11-25
2024-11-26,20241126,2024,11,Nov,Nov 2024,4,FY2024-Q4,Tuesday,2024-11-25
2024-11-27,20241127,2024,11,Nov,Nov 2024,4,FY2024-Q4,Wednesday,2024-11-25
2024-11-28,20241128,2024,11,Nov,Nov 2024,4,FY2024-Q4,Thursday,2024-11-25
2024-11-29,20241129,2024,11,Nov,Nov 2024,4,FY2024-Q4,Friday,2024-11-25
2024-11-30,20241130,2024,11,Nov,Nov 2024,4,FY2024-Q4,Saturday,2024-11-25
2024-12-01,20241201,2024,12,Dec,Dec 2024,4,FY2024-Q4,Sunday,2024-11-25
2024-12-02,20241202,2024,12,Dec,Dec 2024,4,FY2024-Q4,Monday,2024-12-02
2024-12-03,20241203,2024,12,Dec,Dec 2024,4,FY2024-Q4,Tuesday,2024-12-02
2024-12-04,20241204,2024,12,Dec,Dec 2024,4,FY2024-Q4,Wednesday,2024-12-02
2024-12-05,20241205,2024,12,Dec,Dec 2024,4,FY2024-Q4,Thursday,2024-12-02
2024-12-06,20241206,2024,12,Dec,Dec 2024,4,FY2024-Q4,Friday,2024-12-02
2024-12-07,20241207,2024,12,Dec,Dec 2024,4,FY2024-Q4,Saturday,2024-12-02
2024-12-08,20241208,2024,12,Dec,Dec 2024,4,FY2024-Q4,Sunday,2024-12-02
2024-12-09,20241209,2024,12,Dec,Dec 2024,4,FY2024-Q4,Monday,2024-12-09
2024-12-10,20241210,2024,12,Dec,Dec 2024,4,FY2024-Q4,Tuesday,2024-12-09
2024-12-11,20241211,2024,12,Dec,Dec 2024,4,FY2024-Q4,Wednesday,2024-12-09
2024-12-12,20241212,2024,12,Dec,Dec 2024,4,FY2024-Q4,Thursday,2024-12-09
2024-12-13,20241213,2024,12,Dec,Dec 2024,4,FY2024-Q4,Friday,2024-12-09
2024-12-14,20241214,2024,12,Dec,Dec 2024,4,FY2024-Q4,Saturday,2024-12-09
2024-12-15,20241215,2024,12,Dec,Dec 2024,4,FY2024-Q4,Sunday,2024-12-09
2024-12-16,20241216,2024,12,Dec,Dec 2024,4,FY2024-Q4,Monday,2024-12-16
2024-12-17,20241217,2024,12,Dec,Dec 2024,4,FY2024-Q4,Tuesday,2024-12-16
2024-12-18,20241218,2024,12,Dec,Dec 2024,4,FY2024-Q4,Wednesday,2024-12-16
2024-12-19,20241219,2024,12,Dec,Dec 2024,4,FY2024-Q4,Thursday,2024-12-16
2024-12-20,20241220,2024,12,Dec,Dec 2024,4,FY2024-Q4,Friday,2024-12-16
2024-12-21,20241221,2024,12,Dec,Dec 2024,4,FY2024-Q4,Saturday,2024-12-16
2024-12-22,20241222,2024,12,Dec,Dec 2024,4,FY2024-Q4,Sunday,2024-12-16
2024-12-23,20241223,2024,12,Dec,Dec 2024,4,FY2024-Q4,Monday,2024-12-23
2024-12-24,20241224,2024,12,Dec,Dec 2024,4,FY2024-Q4,Tuesday,2024-12-23
2024-12-25,20241225,2024,12,Dec,Dec 2024,4,FY2024-Q4,Wednesday,2024-12-23
2024-12-26,20241226,2024,12,Dec,Dec 2024,4,FY2024-Q4,Thursday,2024-12-23
2024-12-27,20241227,2024,12,Dec,Dec 2024,4,FY2024-Q4,Friday,2024-12-23
2024-12-28,20241228,2024,12,Dec,Dec 2024,4,FY2024-Q4,Saturday,2024-12-23
2024-12-29,20241229,2024,12,Dec,Dec 2024,4,FY2024-Q4,Sunday,2024-12-23
2024-12-30,20241230,2024,12,Dec,Dec 2024,4,FY2024-Q4,Monday,2024-12-30
2024-12-31,20241231,2024,12,Dec,Dec 2024,4,FY2024-Q4,Tuesday,2024-12-30
2025-01-01,20250101,2025,1,Jan,Jan 2025,1,FY2025-Q1,Wednesday,2024-12-30
2025-01-02,20250102,2025,1,Jan,Jan 2025,1,FY2025-Q1,Thursday,2024-12-30
2025-01-03,20250103,2025,1,Jan,Jan 2025,1,FY2025-Q1,Friday,2024-12-30
2025-01-04,20250104,2025,1,Jan,Jan 2025,1,FY2025-Q1,Saturday,2024-12-30
2025-01-05,20250105,2025,1,Jan,Jan 2025,1,FY2025-Q1,Sunday,2024-12-30
2025-01-06,20250106,2025,1,Jan,Jan 2025,1,FY2025-Q1,Monday,2025-01-06
2025-01-07,20250107,2025,1,Jan,Jan 2025,1,FY2025-Q1,Tuesday,2025-01-06
2025-01-08,20250108,2025,1,Jan,Jan 2025,1,FY2025-Q1,Wednesday,2025-01-06
2025-01-09,20250109,2025,1,Jan,Jan 2025,1,FY2025-Q1,Thursday,2025-01-06
2025-01-10,20250110,2025,1,Jan,Jan 2025,1,FY2025-Q1,Friday,2025-01-06
2025-01-11,20250111,2025,1,Jan,Jan 2025,1,FY2025-Q1,Saturday,2025-01-06
2025-01-12,20250112,2025,1,Jan,Jan 2025,1,FY2025-Q1,Sunday,2025-01-06
2025-01-13,20250113,2025,1,Jan,Jan 2025,1,FY2025-Q1,Monday,2025-01-13
2025-01-14,20250114,2025,1,Jan,Jan 2025,1,FY2025-Q1,Tuesday,2025-01-13
2025-01-15,20250115,2025,1,Jan,Jan 2025,1,FY2025-Q1,Wednesday,2025-01-13
2025-01-16,20250116,2025,1,Jan,Jan 2025,1,FY2025-Q1,Thursday,2025-01-13
2025-01-17,20250117,2025,1,Jan,Jan 2025,1,FY2025-Q1,Friday,2025-01-13
2025-01-18,20250118,2025,1,Jan,Jan 2025,1,FY2025-Q1,Saturday,2025-01-13
2025-01-19,20250119,2025,1,Jan,Jan 2025,1,FY2025-Q1,Sunday,2025-01-13
2025-01-20,20250120,2025,1,Jan,Jan 2025,1,FY2025-Q1,Monday,2025-01-20
2025-01-21,20250121,2025,1,Jan,Jan 2025,1,FY2025-Q1,Tuesday,2025-01-20
2025-01-22,20250122,2025,1,Jan,Jan 2025,1,FY2025-Q1,Wednesday,2025-01-20
2025-01-23,20250123,2025,1,Jan,Jan 2025,1,FY2025-Q1,Thursday,2025-01-20
2025-01-24,20250124,2025,1,Jan,Jan 2025,1,FY2025-Q1,Friday,2025-01-20
2025-01-25,20250125,2025,1,Jan,Jan 2025,1,FY2025-Q1,Saturday,2025-01-20
2025-01-26,20250126,2025,1,Jan,Jan 2025,1,FY2025-Q1,Sunday,2025-01-20
2025-01-27,20250127,2025,1,Jan,Jan 2025,1,FY2025-Q1,Monday,2025-01-27
2025-01-28,20250128,2025,1,Jan,Jan 2025,1,FY2025-Q1,Tuesday,2025-01-27
2025-01-29,20250129,2025,1,Jan,Jan 2025,1,FY2025-Q1,Wednesday,2025-01-27
2025-01-30,20250130,2025,1,Jan,Jan 2025,1,FY2025-Q1,Thursday,2025-01-27
2025-01-31,20250131,2025,1,Jan,Jan 2025,1,FY2025-Q1,Friday,2025-01-27
2025-02-01,20250201,2025,2,Feb,Feb 2025,1,FY2025-Q1,Saturday,2025-01-27
2025-02-02,20250202,2025,2,Feb,Feb 2025,1,FY2025-Q1,Sunday,2025-01-27
2025-02-03,20250203,2025,2,Feb,Feb 2025,1,FY2025-Q1,Monday,2025-02-03
2025-02-04,20250204,2025,2,Feb,Feb 2025,1,FY2025-Q1,Tuesday,2025-02-03
2025-02-05,20250205,2025,2,Feb,Feb 2025,1,FY2025-Q1,Wednesday,2025-02-03
2025-02-06,20250206,2025,2,Feb,Feb 2025,1,FY2025-Q1,Thursday,2025-02-03
2025-02-07,20250207,2025,2,Feb,Feb 2025,1,FY2025-Q1,Friday,2025-02-03
2025-02-08,20250208,2025,2,Feb,Feb 2025,1,FY2025-Q1,Saturday,2025-02-03
2025-02-09,20250209,2025,2,Feb,Feb 2025,1,FY2025-Q1,Sunday,2025-02-03
2025-02-10,20250210,2025,2,Feb,Feb 2025,1,FY2025-Q1,Monday,2025-02-10
2025-02-11,20250211,2025,2,Feb,Feb 2025,1,FY2025-Q1,Tuesday,2025-02-10
2025-02-12,20250212,2025,2,Feb,Feb 2025,1,FY2025-Q1,Wednesday,2025-02-10
2025-02-13,20250213,2025,2,Feb,Feb 2025,1,FY2025-Q1,Thursday,2025-02-10
2025-02-14,20250214,2025,2,Feb,Feb 2025,1,FY2025-Q1,Friday,2025-02-10
2025-02-15,20250215,2025,2,Feb,Feb 2025,1,FY2025-Q1,Saturday,2025-02-10
2025-02-16,20250216,2025,2,Feb,Feb 2025,1,FY2025-Q1,Sunday,2025-02-10
2025-02-17,20250217,2025,2,Feb,Feb 2025,1,FY2025-Q1,Monday,2025-02-17
2025-02-18,20250218,2025,2,Feb,Feb 2025,1,FY2025-Q1,Tuesday,2025-02-17
2025-02-19,20250219,2025,2,Feb,Feb 2025,1,FY2025-Q1,Wednesday,2025-02-17
2025-02-20,20250220,2025,2,Feb,Feb 2025,1,FY2025-Q1,Thursday,2025-02-17
2025-02-21,20250221,2025,2,Feb,Feb 2025,1,FY2025-Q1,Friday,2025-02-17
2025-02-22,20250222,2025,2,Feb,Feb 2025,1,FY2025-Q1,Saturday,2025-02-17
2025-02-23,20250223,2025,2,Feb,Feb 2025,1,FY2025-Q1,Sunday,2025-02-17
2025-02-24,20250224,2025,2,Feb,Feb 2025,1,FY2025-Q1,Monday,2025-02-24
2025-02-25,20250225,2025,2,Feb,Feb 2025,1,FY2025-Q1,Tuesday,2025-02-24
2025-02-26,20250226,2025,2,Feb,Feb 2025,1,FY2025-Q1,Wednesday,2025-02-24
2025-02-27,20250227,2025,2,Feb,Feb 2025,1,FY2025-Q1,Thursday,2025-02-24
2025-02-28,20250228,2025,2,Feb,Feb 2025,1,FY2025-Q1,Friday,2025-02-24
2025-03-01,20250301,2025,3,Mar,Mar 2025,1,FY2025-Q1,Saturday,2025-02-24
2025-03-02,20250302,2025,3,Mar,Mar 2025,1,FY2025-Q1,Sunday,2025-02-24
2025-03-03,20250303,2025,3,Mar,Mar 2025,1,FY2025-Q1,Monday,2025-03-03
2025-03-04,20250304,2025,3,Mar,Mar 2025,1,FY2025-Q1,Tuesday,2025-03-03
2025-03-05,20250305,2025,3,Mar,Mar 2025,1,FY2025-Q1,Wednesday,2025-03-03
2025-03-06,20250306,2025,3,Mar,Mar 2025,1,FY2025-Q1,Thursday,2025-03-03
2025-03-07,20250307,2025,3,Mar,Mar 2025,1,FY2025-Q1,Friday,2025-03-03
2025-03-08,20250308,2025,3,Mar,Mar 2025,1,FY2025-Q1,Saturday,2025-03-03
2025-03-09,20250309,2025,3,Mar,Mar 2025,1,FY2025-Q1,Sunday,2025-03-03
2025-03-10,20250310,2025,3,Mar,Mar 2025,1,FY2025-Q1,Monday,2025-03-10
2025-03-11,20250311,2025,3,Mar,Mar 2025,1,FY2025-Q1,Tuesday,2025-03-10
2025-03-12,20250312,2025,3,Mar,Mar 2025,1,FY2025-Q1,Wednesday,2025-03-10
2025-03-13,20250313,2025,3,Mar,Mar 2025,1,FY2025-Q1,Thursday,2025-03-10
2025-03-14,20250314,2025,3,Mar,Mar 2025,1,FY2025-Q1,Friday,2025-03-10
2025-03-15,20250315,2025,3,Mar,Mar 2025,1,FY2025-Q1,Saturday,2025-03-10
2025-03-16,20250316,2025,3,Mar,Mar 2025,1,FY2025-Q1,Sunday,2025-03-10
2025-03-17,20250317,2025,3,Mar,Mar 2025,1,FY2025-Q1,Monday,2025-03-17
2025-03-18,20250318,2025,3,Mar,Mar 2025,1,FY2025-Q1,Tuesday,2025-03-17
2025-03-19,20250319,2025,3,Mar,Mar 2025,1,FY2025-Q1,Wednesday,2025-03-17
2025-03-20,20250320,2025,3,Mar,Mar 2025,1,FY2025-Q1,Thursday,2025-03-17
2025-03-21,20250321,2025,3,Mar,Mar 2025,1,FY2025-Q1,Friday,2025-03-17
2025-03-22,20250322,2025,3,Mar,Mar 2025,1,FY2025-Q1,Saturday,2025-03-17
2025-03-23,20250323,2025,3,Mar,Mar 2025,1,FY2025-Q1,Sunday,2025-03-17
2025-03-24,20250324,2025,3,Mar,Mar 2025,1,FY2025-Q1,Monday,2025-03-24
2025-03-25,20250325,2025,3,Mar,Mar 2025,1,FY2025-Q1,Tuesday,2025-03-24
2025-03-26,20250326,2025,3,Mar,Mar 2025,1,FY2025-Q1,Wednesday,2025-03-24
2025-03-27,20250327,2025,3,Mar,Mar 2025,1,FY2025-Q1,Thursday,2025-03-24
2025-03-28,20250328,2025,3,Mar,Mar 2025,1,FY2025-Q1,Friday,2025-03-24
2025-03-29,20250329,2025,3,Mar,Mar 2025,1,FY2025-Q1,Saturday,2025-03-24
2025-03-30,20250330,2025,3,Mar,Mar 2025,1,FY2025-Q1,Sunday,2025-03-24
2025-03-31,20250331,2025,3,Mar,Mar 2025,1,FY2025-Q1,Monday,2025-03-31
2025-04-01,20250401,2025,4,Apr,Apr 2025,2,FY2025-Q2,Tuesday,2025-03-31
2025-04-02,20250402,2025,4,Apr,Apr 2025,2,FY2025-Q2,Wednesday,2025-03-31
2025-04-03,20250403,2025,4,Apr,Apr 2025,2,FY2025-Q2,Thursday,2025-03-31
2025-04-04,20250404,2025,4,Apr,Apr 2025,2,FY2025-Q2,Friday,2025-03-31
2025-04-05,20250405,2025,4,Apr,Apr 2025,2,FY2025-Q2,Saturday,2025-03-31
2025-04-06,20250406,2025,4,Apr,Apr 2025,2,FY2025-Q2,Sunday,2025-03-31
2025-04-07,20250407,2025,4,Apr,Apr 2025,2,FY2025-Q2,Monday,2025-04-07
2025-04-08,20250408,2025,4,Apr,Apr 2025,2,FY2025-Q2,Tuesday,2025-04-07
2025-04-09,20250409,2025,4,Apr,Apr 2025,2,FY2025-Q2,Wednesday,2025-04-07
2025-04-10,20250410,2025,4,Apr,Apr 2025,2,FY2025-Q2,Thursday,2025-04-07
2025-04-11,20250411,2025,4,Apr,Apr 2025,2,FY2025-Q2,Friday,2025-04-07
2025-04-12,20250412,2025,4,Apr,Apr 2025,2,FY2025-Q2,Saturday,2025-04-07
2025-04-13,20250413,2025,4,Apr,Apr 2025,2,FY2025-Q2,Sunday,2025-04-07
2025-04-14,20250414,2025,4,Apr,Apr 2025,2,FY2025-Q2,Monday,2025-04-14
2025-04-15,20250415,2025,4,Apr,Apr 2025,2,FY2025-Q2,Tuesday,2025-04-14
2025-04-16,20250416,2025,4,Apr,Apr 2025,2,FY2025-Q2,Wednesday,2025-04-14
2025-04-17,20250417,2025,4,Apr,Apr 2025,2,FY2025-Q2,Thursday,2025-04-14
2025-04-18,20250418,2025,4,Apr,Apr 2025,2,FY2025-Q2,Friday,2025-04-14
2025-04-19,20250419,2025,4,Apr,Apr 2025,2,FY2025-Q2,Saturday,2025-04-14
2025-04-20,20250420,2025,4,Apr,Apr 2025,2,FY2025-Q2,Sunday,2025-04-14
2025-04-21,20250421,2025,4,Apr,Apr 2025,2,FY2025-Q2,Monday,2025-04-21
2025-04-22,20250422,2025,4,Apr,Apr 2025,2,FY2025-Q2,Tuesday,2025-04-21
2025-04-23,20250423,2025,4,Apr,Apr 2025,2,FY2025-Q2,Wednesday,2025-04-21
2025-04-24,20250424,2025,4,Apr,Apr 2025,2,FY2025-Q2,Thursday,2025-04-21
2025-04-25,20250425,2025,4,Apr,Apr 2025,2,FY2025-Q2,Friday,2025-04-21
2025-04-26,20250426,2025,4,Apr,Apr 2025,2,FY2025-Q2,Saturday,2025-04-21
2025-04-27,20250427,2025,4,Apr,Apr 2025,2,FY2025-Q2,Sunday,2025-04-21
2025-04-28,20250428,2025,4,Apr,Apr 2025,2,FY2025-Q2,Monday,2025-04-28
2025-04-29,20250429,2025,4,Apr,Apr 2025,2,FY2025-Q2,Tuesday,2025-04-28
2025-04-30,20250430,2025,4,Apr,Apr 2025,2,FY2025-Q2,Wednesday,2025-04-28
2025-05-01,20250501,2025,5,May,May 2025,2,FY2025-Q2,Thursday,2025-04-28
2025-05-02,20250502,2025,5,May,May 2025,2,FY2025-Q2,Friday,2025-04-28
2025-05-03,20250503,2025,5,May,May 2025,2,FY2025-Q2,Saturday,2025-04-28
2025-05-04,20250504,2025,5,May,May 2025,2,FY2025-Q2,Sunday,2025-04-28
2025-05-05,20250505,2025,5,May,May 2025,2,FY2025-Q2,Monday,2025-05-05
2025-05-06,20250506,2025,5,May,May 2025,2,FY2025-Q2,Tuesday,2025-05-05
2025-05-07,20250507,2025,5,May,May 2025,2,FY2025-Q2,Wednesday,2025-05-05
2025-05-08,20250508,2025,5,May,May 2025,2,FY2025-Q2,Thursday,2025-05-05
2025-05-09,20250509,2025,5,May,May 2025,2,FY2025-Q2,Friday,2025-05-05
2025-05-10,20250510,2025,5,May,May 2025,2,FY2025-Q2,Saturday,2025-05-05
2025-05-11,20250511,2025,5,May,May 2025,2,FY2025-Q2,Sunday,2025-05-05
2025-05-12,20250512,2025,5,May,May 2025,2,FY2025-Q2,Monday,2025-05-12
2025-05-13,20250513,2025,5,May,May 2025,2,FY2025-Q2,Tuesday,2025-05-12
2025-05-14,20250514,2025,5,May,May 2025,2,FY2025-Q2,Wednesday,2025-05-12
2025-05-15,20250515,2025,5,May,May 2025,2,FY2025-Q2,Thursday,2025-05-12
2025-05-16,20250516,2025,5,May,May 2025,2,FY2025-Q2,Friday,2025-05-12
2025-05-17,20250517,2025,5,May,May 2025,2,FY2025-Q2,Saturday,2025-05-12
2025-05-18,20250518,2025,5,May,May 2025,2,FY2025-Q2,Sunday,2025-05-12
2025-05-19,20250519,2025,5,May,May 2025,2,FY2025-Q2,Monday,2025-05-19
2025-05-20,20250520,2025,5,May,May 2025,2,FY2025-Q2,Tuesday,2025-05-19
2025-05-21,20250521,2025,5,May,May 2025,2,FY2025-Q2,Wednesday,2025-05-19
2025-05-22,20250522,2025,5,May,May 2025,2,FY2025-Q2,Thursday,2025-05-19
2025-05-23,20250523,2025,5,May,May 2025,2,FY2025-Q2,Friday,2025-05-19
2025-05-24,20250524,2025,5,May,May 2025,2,FY2025-Q2,Saturday,2025-05-19
2025-05-25,20250525,2025,5,May,May 2025,2,FY2025-Q2,Sunday,2025-05-19
2025-05-26,20250526,2025,5,May,May 2025,2,FY2025-Q2,Monday,2025-05-26
2025-05-27,20250527,2025,5,May,May 2025,2,FY2025-Q2,Tuesday,2025-05-26
2025-05-28,20250528,2025,5,May,May 2025,2,FY2025-Q2,Wednesday,2025-05-26
2025-05-29,20250529,2025,5,May,May 2025,2,FY2025-Q2,Thursday,2025-05-26
2025-05-30,20250530,2025,5,May,May 2025,2,FY2025-Q2,Friday,2025-05-26
2025-05-31,20250531,2025,5,May,May 2025,2,FY2025-Q2,Saturday,2025-05-26
2025-06-01,20250601,2025,6,Jun,Jun 2025,2,FY2025-Q2,Sunday,2025-05-26
2025-06-02,20250602,2025,6,Jun,Jun 2025,2,FY2025-Q2,Monday,2025-06-02
2025-06-03,20250603,2025,6,Jun,Jun 2025,2,FY2025-Q2,Tuesday,2025-06-02
2025-06-04,20250604,2025,6,Jun,Jun 2025,2,FY2025-Q2,Wednesday,2025-06-02
2025-06-05,20250605,2025,6,Jun,Jun 2025,2,FY2025-Q2,Thursday,2025-06-02
2025-06-06,20250606,2025,6,Jun,Jun 2025,2,FY2025-Q2,Friday,2025-06-02
2025-06-07,20250607,2025,6,Jun,Jun 2025,2,FY2025-Q2,Saturday,2025-06-02
2025-06-08,20250608,2025,6,Jun,Jun 2025,2,FY2025-Q2,Sunday,2025-06-02
2025-06-09,20250609,2025,6,Jun,Jun 2025,2,FY2025-Q2,Monday,2025-06-09
2025-06-10,20250610,2025,6,Jun,Jun 2025,2,FY2025-Q2,Tuesday,2025-06-09
2025-06-11,20250611,2025,6,Jun,Jun 2025,2,FY2025-Q2,Wednesday,2025-06-09
2025-06-12,20250612,2025,6,Jun,Jun 2025,2,FY2025-Q2,Thursday,2025-06-09
2025-06-13,20250613,2025,6,Jun,Jun 2025,2,FY2025-Q2,Friday,2025-06-09
2025-06-14,20250614,2025,6,Jun,Jun 2025,2,FY2025-Q2,Saturday,2025-06-09
2025-06-15,20250615,2025,6,Jun,Jun 2025,2,FY2025-Q2,Sunday,2025-06-09
2025-06-16,20250616,2025,6,Jun,Jun 2025,2,FY2025-Q2,Monday,2025-06-16
2025-06-17,20250617,2025,6,Jun,Jun 2025,2,FY2025-Q2,Tuesday,2025-06-16
2025-06-18,20250618,2025,6,Jun,Jun 2025,2,FY2025-Q2,Wednesday,2025-06-16
2025-06-19,20250619,2025,6,Jun,Jun 2025,2,FY2025-Q2,Thursday,2025-06-16
2025-06-20,20250620,2025,6,Jun,Jun 2025,2,FY2025-Q2,Friday,2025-06-16
2025-06-21,20250621,2025,6,Jun,Jun 2025,2,FY2025-Q2,Saturday,2025-06-16
2025-06-22,20250622,2025,6,Jun,Jun 2025,2,FY2025-Q2,Sunday,2025-06-16
2025-06-23,20250623,2025,6,Jun,Jun 2025,2,FY2025-Q2,Monday,2025-06-23
2025-06-24,20250624,2025,6,Jun,Jun 2025,2,FY2025-Q2,Tuesday,2025-06-23
2025-06-25,20250625,2025,6,Jun,Jun 2025,2,FY2025-Q2,Wednesday,2025-06-23
2025-06-26,20250626,2025,6,Jun,Jun 2025,2,FY2025-Q2,Thursday,2025-06-23
2025-06-27,20250627,2025,6,Jun,Jun 2025,2,FY2025-Q2,Friday,2025-06-23
2025-06-28,20250628,2025,6,Jun,Jun 2025,2,FY2025-Q2,Saturday,2025-06-23
2025-06-29,20250629,2025,6,Jun,Jun 2025,2,FY2025-Q2,Sunday,2025-06-23
2025-06-30,20250630,2025,6,Jun,Jun 2025,2,FY2025-Q2,Monday,2025-06-30
2025-07-01,20250701,2025,7,Jul,Jul 2025,3,FY2025-Q3,Tuesday,2025-06-30
2025-07-02,20250702,2025,7,Jul,Jul 2025,3,FY2025-Q3,Wednesday,2025-06-30
2025-07-03,20250703,2025,7,Jul,Jul 2025,3,FY2025-Q3,Thursday,2025-06-30
2025-07-04,20250704,2025,7,Jul,Jul 2025,3,FY2025-Q3,Friday,2025-06-30
2025-07-05,20250705,2025,7,Jul,Jul 2025,3,FY2025-Q3,Saturday,2025-06-30
2025-07-06,20250706,2025,7,Jul,Jul 2025,3,FY2025-Q3,Sunday,2025-06-30
2025-07-07,20250707,2025,7,Jul,Jul 2025,3,FY2025-Q3,Monday,2025-07-07
2025-07-08,20250708,2025,7,Jul,Jul 2025,3,FY2025-Q3,Tuesday,2025-07-07
2025-07-09,20250709,2025,7,Jul,Jul 2025,3,FY2025-Q3,Wednesday,2025-07-07
2025-07-10,20250710,2025,7,Jul,Jul 2025,3,FY2025-Q3,Thursday,2025-07-07
2025-07-11,20250711,2025,7,Jul,Jul 2025,3,FY2025-Q3,Friday,2025-07-07
2025-07-12,20250712,2025,7,Jul,Jul 2025,3,FY2025-Q3,Saturday,2025-07-07
2025-07-13,20250713,2025,7,Jul,Jul 2025,3,FY2025-Q3,Sunday,2025-07-07
2025-07-14,20250714,2025,7,Jul,Jul 2025,3,FY2025-Q3,Monday,2025-07-14
2025-07-15,20250715,2025,7,Jul,Jul 2025,3,FY2025-Q3,Tuesday,2025-07-14
2025-07-16,20250716,2025,7,Jul,Jul 2025,3,FY2025-Q3,Wednesday,2025-07-14
2025-07-17,20250717,2025,7,Jul,Jul 2025,3,FY2025-Q3,Thursday,2025-07-14
2025-07-18,20250718,2025,7,Jul,Jul 2025,3,FY2025-Q3,Friday,2025-07-14
2025-07-19,20250719,2025,7,Jul,Jul 2025,3,FY2025-Q3,Saturday,2025-07-14
2025-07-20,20250720,2025,7,Jul,Jul 2025,3,FY2025-Q3,Sunday,2025-07-14
2025-07-21,20250721,2025,7,Jul,Jul 2025,3,FY2025-Q3,Monday,2025-07-21
2025-07-22,20250722,2025,7,Jul,Jul 2025,3,FY2025-Q3,Tuesday,2025-07-21
2025-07-23,20250723,2025,7,Jul,Jul 2025,3,FY2025-Q3,Wednesday,2025-07-21
2025-07-24,20250724,2025,7,Jul,Jul 2025,3,FY2025-Q3,Thursday,2025-07-21
2025-07-25,20250725,2025,7,Jul,Jul 2025,3,FY2025-Q3,Friday,2025-07-21
2025-07-26,20250726,2025,7,Jul,Jul 2025,3,FY2025-Q3,Saturday,2025-07-21
2025-07-27,20250727,2025,7,Jul,Jul 2025,3,FY2025-Q3,Sunday,2025-07-21
2025-07-28,20250728,2025,7,Jul,Jul 2025,3,FY2025-Q3,Monday,2025-07-28
2025-07-29,20250729,2025,7,Jul,Jul 2025,3,FY2025-Q3,Tuesday,2025-07-28
2025-07-30,20250730,2025,7,Jul,Jul 2025,3,FY2025-Q3,Wednesday,2025-07-28
2025-07-31,20250731,2025,7,Jul,Jul 2025,3,FY2025-Q3,Thursday,2025-07-28
2025-08-01,20250801,2025,8,Aug,Aug 2025,3,FY2025-Q3,Friday,2025-07-28
2025-08-02,20250802,2025,8,Aug,Aug 2025,3,FY2025-Q3,Saturday,2025-07-28
2025-08-03,20250803,2025,8,Aug,Aug 2025,3,FY2025-Q3,Sunday,2025-07-28
2025-08-04,20250804,2025,8,Aug,Aug 2025,3,FY2025-Q3,Monday,2025-08-04
2025-08-05,20250805,2025,8,Aug,Aug 2025,3,FY2025-Q3,Tuesday,2025-08-04
2025-08-06,20250806,2025,8,Aug,Aug 2025,3,FY2025-Q3,Wednesday,2025-08-04
2025-08-07,20250807,2025,8,Aug,Aug 2025,3,FY2025-Q3,Thursday,2025-08-04
2025-08-08,20250808,2025,8,Aug,Aug 2025,3,FY2025-Q3,Friday,2025-08-04
2025-08-09,20250809,2025,8,Aug,Aug 2025,3,FY2025-Q3,Saturday,2025-08-04
2025-08-10,20250810,2025,8,Aug,Aug 2025,3,FY2025-Q3,Sunday,2025-08-04
2025-08-11,20250811,2025,8,Aug,Aug 2025,3,FY2025-Q3,Monday,2025-08-11
2025-08-12,20250812,2025,8,Aug,Aug 2025,3,FY2025-Q3,Tuesday,2025-08-11
2025-08-13,20250813,2025,8,Aug,Aug 2025,3,FY2025-Q3,Wednesday,2025-08-11
2025-08-14,20250814,2025,8,Aug,Aug 2025,3,FY2025-Q3,Thursday,2025-08-11
2025-08-15,20250815,2025,8,Aug,Aug 2025,3,FY2025-Q3,Friday,2025-08-11
2025-08-16,20250816,2025,8,Aug,Aug 2025,3,FY2025-Q3,Saturday,2025-08-11
2025-08-17,20250817,2025,8,Aug,Aug 2025,3,FY2025-Q3,Sunday,2025-08-11
2025-08-18,20250818,2025,8,Aug,Aug 2025,3,FY2025-Q3,Monday,2025-08-18
2025-08-19,20250819,2025,8,Aug,Aug 2025,3,FY2025-Q3,Tuesday,2025-08-18
2025-08-20,20250820,2025,8,Aug,Aug 2025,3,FY2025-Q3,Wednesday,2025-08-18
2025-08-21,20250821,2025,8,Aug,Aug 2025,3,FY2025-Q3,Thursday,2025-08-18
2025-08-22,20250822,2025,8,Aug,Aug 2025,3,FY2025-Q3,Friday,2025-08-18
2025-08-23,20250823,2025,8,Aug,Aug 2025,3,FY2025-Q3,Saturday,2025-08-18
2025-08-24,20250824,2025,8,Aug,Aug 2025,3,FY2025-Q3,Sunday,2025-08-18
2025-08-25,20250825,2025,8,Aug,Aug 2025,3,FY2025-Q3,Monday,2025-08-25
2025-08-26,20250826,2025,8,Aug,Aug 2025,3,FY2025-Q3,Tuesday,2025-08-25
2025-08-27,20250827,2025,8,Aug,Aug 2025,3,FY2025-Q3,Wednesday,2025-08-25
2025-08-28,20250828,2025,8,Aug,Aug 2025,3,FY2025-Q3,Thursday,2025-08-25
2025-08-29,20250829,2025,8,Aug,Aug 2025,3,FY2025-Q3,Friday,2025-08-25
2025-08-30,20250830,2025,8,Aug,Aug 2025,3,FY2025-Q3,Saturday,2025-08-25
2025-08-31,20250831,2025,8,Aug,Aug 2025,3,FY2025-Q3,Sunday,2025-08-25
2025-09-01,20250901,2025,9,Sep,Sep 2025,3,FY2025-Q3,Monday,2025-09-01
2025-09-02,20250902,2025,9,Sep,Sep 2025,3,FY2025-Q3,Tuesday,2025-09-01
2025-09-03,20250903,2025,9,Sep,Sep 2025,3,FY2025-Q3,Wednesday,2025-09-01
2025-09-04,20250904,2025,9,Sep,Sep 2025,3,FY2025-Q3,Thursday,2025-09-01
2025-09-05,20250905,2025,9,Sep,Sep 2025,3,FY2025-Q3,Friday,2025-09-01
2025-09-06,20250906,2025,9,Sep,Sep 2025,3,FY2025-Q3,Saturday,2025-09-01
2025-09-07,20250907,2025,9,Sep,Sep 2025,3,FY2025-Q3,Sunday,2025-09-01
2025-09-08,20250908,2025,9,Sep,Sep 2025,3,FY2025-Q3,Monday,2025-09-08
2025-09-09,20250909,2025,9,Sep,Sep 2025,3,FY2025-Q3,Tuesday,2025-09-08
2025-09-10,20250910,2025,9,Sep,Sep 2025,3,FY2025-Q3,Wednesday,2025-09-08
2025-09-11,20250911,2025,9,Sep,Sep 2025,3,FY2025-Q3,Thursday,2025-09-08
2025-09-12,20250912,2025,9,Sep,Sep 2025,3,FY2025-Q3,Friday,2025-09-08
2025-09-13,20250913,2025,9,Sep,Sep 2025,3,FY2025-Q3,Saturday,2025-09-08
2025-09-14,20250914,2025,9,Sep,Sep 2025,3,FY2025-Q3,Sunday,2025-09-08
2025-09-15,20250915,2025,9,Sep,Sep 2025,3,FY2025-Q3,Monday,2025-09-15
2025-09-16,20250916,2025,9,Sep,Sep 2025,3,FY2025-Q3,Tuesday,2025-09-15
2025-09-17,20250917,2025,9,Sep,Sep 2025,3,FY2025-Q3,Wednesday,2025-09-15
2025-09-18,20250918,2025,9,Sep,Sep 2025,3,FY2025-Q3,Thursday,2025-09-15
2025-09-19,20250919,2025,9,Sep,Sep 2025,3,FY2025-Q3,Friday,2025-09-15
2025-09-20,20250920,2025,9,Sep,Sep 2025,3,FY2025-Q3,Saturday,2025-09-15
2025-09-21,20250921,2025,9,Sep,Sep 2025,3,FY2025-Q3,Sunday,2025-09-15
2025-09-22,20250922,2025,9,Sep,Sep 2025,3,FY2025-Q3,Monday,2025-09-22
2025-09-23,20250923,2025,9,Sep,Sep 2025,3,FY2025-Q3,Tuesday,2025-09-22
2025-09-24,20250924,2025,9,Sep,Sep 2025,3,FY2025-Q3,Wednesday,2025-09-22
2025-09-25,20250925,2025,9,Sep,Sep 2025,3,FY2025-Q3,Thursday,2025-09-22
2025-09-26,20250926,2025,9,Sep,Sep 2025,3,FY2025-Q3,Friday,2025-09-22
2025-09-27,20250927,2025,9,Sep,Sep 2025,3,FY2025-Q3,Saturday,2025-09-22
2025-09-28,20250928,2025,9,Sep,Sep 2025,3,FY2025-Q3,Sunday,2025-09-22
2025-09-29,20250929,2025,9,Sep,Sep 2025,3,FY2025-Q3,Monday,2025-09-29
2025-09-30,20250930,2025,9,Sep,Sep 2025,3,FY2025-Q3,Tuesday,2025-09-29
2025-10-01,20251001,2025,10,Oct,Oct 2025,4,FY2025-Q4,Wednesday,2025-09-29
2025-10-02,20251002,2025,10,Oct,Oct 2025,4,FY2025-Q4,Thursday,2025-09-29
2025-10-03,20251003,2025,10,Oct,Oct 2025,4,FY2025-Q4,Friday,2025-09-29
2025-10-04,20251004,2025,10,Oct,Oct 2025,4,FY2025-Q4,Saturday,2025-09-29
2025-10-05,20251005,2025,10,Oct,Oct 2025,4,FY2025-Q4,Sunday,2025-09-29
2025-10-06,20251006,2025,10,Oct,Oct 2025,4,FY2025-Q4,Monday,2025-10-06
2025-10-07,20251007,2025,10,Oct,Oct 2025,4,FY2025-Q4,Tuesday,2025-10-06
2025-10-08,20251008,2025,10,Oct,Oct 2025,4,FY2025-Q4,Wednesday,2025-10-06
2025-10-09,20251009,2025,10,Oct,Oct 2025,4,FY2025-Q4,Thursday,2025-10-06
2025-10-10,20251010,2025,10,Oct,Oct 2025,4,FY2025-Q4,Friday,2025-10-06
2025-10-11,20251011,2025,10,Oct,Oct 2025,4,FY2025-Q4,Saturday,2025-10-06
2025-10-12,20251012,2025,10,Oct,Oct 2025,4,FY2025-Q4,Sunday,2025-10-06
2025-10-13,20251013,2025,10,Oct,Oct 2025,4,FY2025-Q4,Monday,2025-10-13
2025-10-14,20251014,2025,10,Oct,Oct 2025,4,FY2025-Q4,Tuesday,2025-10-13
2025-10-15,20251015,2025,10,Oct,Oct 2025,4,FY2025-Q4,Wednesday,2025-10-13
2025-10-16,20251016,2025,10,Oct,Oct 2025,4,FY2025-Q4,Thursday,2025-10-13
2025-10-17,20251017,2025,10,Oct,Oct 2025,4,FY2025-Q4,Friday,2025-10-13
2025-10-18,20251018,2025,10,Oct,Oct 2025,4,FY2025-Q4,Saturday,2025-10-13
2025-10-19,20251019,2025,10,Oct,Oct 2025,4,FY2025-Q4,Sunday,2025-10-13
2025-10-20,20251020,2025,10,Oct,Oct 2025,4,FY2025-Q4,Monday,2025-10-20
2025-10-21,20251021,2025,10,Oct,Oct 2025,4,FY2025-Q4,Tuesday,2025-10-20
2025-10-22,20251022,2025,10,Oct,Oct 2025,4,FY2025-Q4,Wednesday,2025-10-20
2025-10-23,20251023,2025,10,Oct,Oct 2025,4,FY2025-Q4,Thursday,2025-10-20
2025-10-24,20251024,2025,10,Oct,Oct 2025,4,FY2025-Q4,Friday,2025-10-20
2025-10-25,20251025,2025,10,Oct,Oct 2025,4,FY2025-Q4,Saturday,2025-10-20
2025-10-26,20251026,2025,10,Oct,Oct 2025,4,FY2025-Q4,Sunday,2025-10-20
2025-10-27,20251027,2025,10,Oct,Oct 2025,4,FY2025-Q4,Monday,2025-10-27
2025-10-28,20251028,2025,10,Oct,Oct 2025,4,FY2025-Q4,Tuesday,2025-10-27
2025-10-29,20251029,2025,10,Oct,Oct 2025,4,FY2025-Q4,Wednesday,2025-10-27
2025-10-30,20251030,2025,10,Oct,Oct 2025,4,FY2025-Q4,Thursday,2025-10-27
2025-10-31,20251031,2025,10,Oct,Oct 2025,4,FY2025-Q4,Friday,2025-10-27
2025-11-01,20251101,2025,11,Nov,Nov 2025,4,FY2025-Q4,Saturday,2025-10-27
2025-11-02,20251102,2025,11,Nov,Nov 2025,4,FY2025-Q4,Sunday,2025-10-27
2025-11-03,20251103,2025,11,Nov,Nov 2025,4,FY2025-Q4,Monday,2025-11-03
2025-11-04,20251104,2025,11,Nov,Nov 2025,4,FY2025-Q4,Tuesday,2025-11-03
2025-11-05,20251105,2025,11,Nov,Nov 2025,4,FY2025-Q4,Wednesday,2025-11-03
2025-11-06,20251106,2025,11,Nov,Nov 2025,4,FY2025-Q4,Thursday,2025-11-03
2025-11-07,20251107,2025,11,Nov,Nov 2025,4,FY2025-Q4,Friday,2025-11-03
2025-11-08,20251108,2025,11,Nov,Nov 2025,4,FY2025-Q4,Saturday,2025-11-03
2025-11-09,20251109,2025,11,Nov,Nov 2025,4,FY2025-Q4,Sunday,2025-11-03
2025-11-10,20251110,2025,11,Nov,Nov 2025,4,FY2025-Q4,Monday,2025-11-10
2025-11-11,20251111,2025,11,Nov,Nov 2025,4,FY2025-Q4,Tuesday,2025-11-10
2025-11-12,20251112,2025,11,Nov,Nov 2025,4,FY2025-Q4,Wednesday,2025-11-10
2025-11-13,20251113,2025,11,Nov,Nov 2025,4,FY2025-Q4,Thursday,2025-11-10
2025-11-14,20251114,2025,11,Nov,Nov 2025,4,FY2025-Q4,Friday,2025-11-10
2025-11-15,20251115,2025,11,Nov,Nov 2025,4,FY2025-Q4,Saturday,2025-11-10
2025-11-16,20251116,2025,11,Nov,Nov 2025,4,FY2025-Q4,Sunday,2025-11-10
2025-11-17,20251117,2025,11,Nov,Nov 2025,4,FY2025-Q4,Monday,2025-11-17
2025-11-18,20251118,2025,11,Nov,Nov 2025,4,FY2025-Q4,Tuesday,2025-11-17
2025-11-19,20251119,2025,11,Nov,Nov 2025,4,FY2025-Q4,Wednesday,2025-11-17
2025-11-20,20251120,2025,11,Nov,Nov 2025,4,FY2025-Q4,Thursday,2025-11-17
2025-11-21,20251121,2025,11,Nov,Nov 2025,4,FY2025-Q4,Friday,2025-11-17
2025-11-22,20251122,2025,11,Nov,Nov 2025,4,FY2025-Q4,Saturday,2025-11-17
2025-11-23,20251123,2025,11,Nov,Nov 2025,4,FY2025-Q4,Sunday,2025-11-17
2025-11-24,20251124,2025,11,Nov,Nov 2025,4,FY2025-Q4,Monday,2025-11-24
2025-11-25,20251125,2025,11,Nov,Nov 2025,4,FY2025-Q4,Tuesday,2025-11-24
2025-11-26,20251126,2025,11,Nov,Nov 2025,4,FY2025-Q4,Wednesday,2025-11-24
2025-11-27,20251127,2025,11,Nov,Nov 2025,4,FY2025-Q4,Thursday,2025-11-24
2025-11-28,20251128,2025,11,Nov,Nov 2025,4,FY2025-Q4,Friday,2025-11-24
2025-11-29,20251129,2025,11,Nov,Nov 2025,4,FY2025-Q4,Saturday,2025-11-24
2025-11-30,20251130,2025,11,Nov,Nov 2025,4,FY2025-Q4,Sunday,2025-11-24
2025-12-01,20251201,2025,12,Dec,Dec 2025,4,FY2025-Q4,Monday,2025-12-01
2025-12-02,20251202,2025,12,Dec,Dec 2025,4,FY2025-Q4,Tuesday,2025-12-01
2025-12-03,20251203,2025,12,Dec,Dec 2025,4,FY2025-Q4,Wednesday,2025-12-01
2025-12-04,20251204,2025,12,Dec,Dec 2025,4,FY2025-Q4,Thursday,2025-12-01
2025-12-05,20251205,2025,12,Dec,Dec 2025,4,FY2025-Q4,Friday,2025-12-01
2025-12-06,20251206,2025,12,Dec,Dec 2025,4,FY2025-Q4,Saturday,2025-12-01
2025-12-07,20251207,2025,12,Dec,Dec 2025,4,FY2025-Q4,Sunday,2025-12-01
2025-12-08,20251208,2025,12,Dec,Dec 2025,4,FY2025-Q4,Monday,2025-12-08
2025-12-09,20251209,2025,12,Dec,Dec 2025,4,FY2025-Q4,Tuesday,2025-12-08
2025-12-10,20251210,2025,12,Dec,Dec 2025,4,FY2025-Q4,Wednesday,2025-12-08
2025-12-11,20251211,2025,12,Dec,Dec 2025,4,FY2025-Q4,Thursday,2025-12-08
2025-12-12,20251212,2025,12,Dec,Dec 2025,4,FY2025-Q4,Friday,2025-12-08
2025-12-13,20251213,2025,12,Dec,Dec 2025,4,FY2025-Q4,Saturday,2025-12-08
2025-12-14,20251214,2025,12,Dec,Dec 2025,4,FY2025-Q4,Sunday,2025-12-08
2025-12-15,20251215,2025,12,Dec,Dec 2025,4,FY2025-Q4,Monday,2025-12-15
2025-12-16,20251216,2025,12,Dec,Dec 2025,4,FY2025-Q4,Tuesday,2025-12-15
2025-12-17,20251217,2025,12,Dec,Dec 2025,4,FY2025-Q4,Wednesday,2025-12-15
2025-12-18,20251218,2025,12,Dec,Dec 2025,4,FY2025-Q4,Thursday,2025-12-15
2025-12-19,20251219,2025,12,Dec,Dec 2025,4,FY2025-Q4,Friday,2025-12-15
2025-12-20,20251220,2025,12,Dec,Dec 2025,4,FY2025-Q4,Saturday,2025-12-15
2025-12-21,20251221,2025,12,Dec,Dec 2025,4,FY2025-Q4,Sunday,2025-12-15
2025-12-22,20251222,2025,12,Dec,Dec 2025,4,FY2025-Q4,Monday,2025-12-22
2025-12-23,20251223,2025,12,Dec,Dec 2025,4,FY2025-Q4,Tuesday,2025-12-22
2025-12-24,20251224,2025,12,Dec,Dec 2025,4,FY2025-Q4,Wednesday,2025-12-22
2025-12-25,20251225,2025,12,Dec,Dec 2025,4,FY2025-Q4,Thursday,2025-12-22
2025-12-26,20251226,2025,12,Dec,Dec 2025,4,FY2025-Q4,Friday,2025-12-22
2025-12-27,20251227,2025,12,Dec,Dec 2025,4,FY2025-Q4,Saturday,2025-12-22
2025-12-28,20251228,2025,12,Dec,Dec 2025,4,FY2025-Q4,Sunday,2025-12-22
2025-12-29,20251229,2025,12,Dec,Dec 2025,4,FY2025-Q4,Monday,2025-12-29
2025-12-30,20251230,2025,12,Dec,Dec 2025,4,FY2025-Q4,Tuesday,2025-12-29
2025-12-31,20251231,2025,12,Dec,Dec 2025,4,FY2025-Q4,Wednesday,2025-12-29
2026-01-01,20260101,2026,1,Jan,Jan 2026,1,FY2026-Q1,Thursday,2025-12-29
2026-01-02,20260102,2026,1,Jan,Jan 2026,1,FY2026-Q1,Friday,2025-12-29
2026-01-03,20260103,2026,1,Jan,Jan 2026,1,FY2026-Q1,Saturday,2025-12-29
2026-01-04,20260104,2026,1,Jan,Jan 2026,1,FY2026-Q1,Sunday,2025-12-29
2026-01-05,20260105,2026,1,Jan,Jan 2026,1,FY2026-Q1,Monday,2026-01-05
2026-01-06,20260106,2026,1,Jan,Jan 2026,1,FY2026-Q1,Tuesday,2026-01-05
2026-01-07,20260107,2026,1,Jan,Jan 2026,1,FY2026-Q1,Wednesday,2026-01-05
2026-01-08,20260108,2026,1,Jan,Jan 2026,1,FY2026-Q1,Thursday,2026-01-05
2026-01-09,20260109,2026,1,Jan,Jan 2026,1,FY2026-Q1,Friday,2026-01-05
2026-01-10,20260110,2026,1,Jan,Jan 2026,1,FY2026-Q1,Saturday,2026-01-05
2026-01-11,20260111,2026,1,Jan,Jan 2026,1,FY2026-Q1,Sunday,2026-01-05
2026-01-12,20260112,2026,1,Jan,Jan 2026,1,FY2026-Q1,Monday,2026-01-12
2026-01-13,20260113,2026,1,Jan,Jan 2026,1,FY2026-Q1,Tuesday,2026-01-12
2026-01-14,20260114,2026,1,Jan,Jan 2026,1,FY2026-Q1,Wednesday,2026-01-12
2026-01-15,20260115,2026,1,Jan,Jan 2026,1,FY2026-Q1,Thursday,2026-01-12
2026-01-16,20260116,2026,1,Jan,Jan 2026,1,FY2026-Q1,Friday,2026-01-12
2026-01-17,20260117,2026,1,Jan,Jan 2026,1,FY2026-Q1,Saturday,2026-01-12
2026-01-18,20260118,2026,1,Jan,Jan 2026,1,FY2026-Q1,Sunday,2026-01-12
2026-01-19,20260119,2026,1,Jan,Jan 2026,1,FY2026-Q1,Monday,2026-01-19
2026-01-20,20260120,2026,1,Jan,Jan 2026,1,FY2026-Q1,Tuesday,2026-01-19
2026-01-21,20260121,2026,1,Jan,Jan 2026,1,FY2026-Q1,Wednesday,2026-01-19
2026-01-22,20260122,2026,1,Jan,Jan 2026,1,FY2026-Q1,Thursday,2026-01-19
2026-01-23,20260123,2026,1,Jan,Jan 2026,1,FY2026-Q1,Friday,2026-01-19
2026-01-24,20260124,2026,1,Jan,Jan 2026,1,FY2026-Q1,Saturday,2026-01-19
2026-01-25,20260125,2026,1,Jan,Jan 2026,1,FY2026-Q1,Sunday,2026-01-19
2026-01-26,20260126,2026,1,Jan,Jan 2026,1,FY2026-Q1,Monday,2026-01-26
2026-01-27,20260127,2026,1,Jan,Jan 2026,1,FY2026-Q1,Tuesday,2026-01-26
2026-01-28,20260128,2026,1,Jan,Jan 2026,1,FY2026-Q1,Wednesday,2026-01-26
2026-01-29,20260129,2026,1,Jan,Jan 2026,1,FY2026-Q1,Thursday,2026-01-26
2026-01-30,20260130,2026,1,Jan,Jan 2026,1,FY2026-Q1,Friday,2026-01-26
2026-01-31,20260131,2026,1,Jan,Jan 2026,1,FY2026-Q1,Saturday,2026-01-26
2026-02-01,20260201,2026,2,Feb,Feb 2026,1,FY2026-Q1,Sunday,2026-01-26
2026-02-02,20260202,2026,2,Feb,Feb 2026,1,FY2026-Q1,Monday,2026-02-02
2026-02-03,20260203,2026,2,Feb,Feb 2026,1,FY2026-Q1,Tuesday,2026-02-02
2026-02-04,20260204,2026,2,Feb,Feb 2026,1,FY2026-Q1,Wednesday,2026-02-02
2026-02-05,20260205,2026,2,Feb,Feb 2026,1,FY2026-Q1,Thursday,2026-02-02
2026-02-06,20260206,2026,2,Feb,Feb 2026,1,FY2026-Q1,Friday,2026-02-02
2026-02-07,20260207,2026,2,Feb,Feb 2026,1,FY2026-Q1,Saturday,2026-02-02
2026-02-08,20260208,2026,2,Feb,Feb 2026,1,FY2026-Q1,Sunday,2026-02-02
2026-02-09,20260209,2026,2,Feb,Feb 2026,1,FY2026-Q1,Monday,2026-02-09
2026-02-10,20260210,2026,2,Feb,Feb 2026,1,FY2026-Q1,Tuesday,2026-02-09
2026-02-11,20260211,2026,2,Feb,Feb 2026,1,FY2026-Q1,Wednesday,2026-02-09
2026-02-12,20260212,2026,2,Feb,Feb 2026,1,FY2026-Q1,Thursday,2026-02-09
2026-02-13,20260213,2026,2,Feb,Feb 2026,1,FY2026-Q1,Friday,2026-02-09
2026-02-14,20260214,2026,2,Feb,Feb 2026,1,FY2026-Q1,Saturday,2026-02-09
2026-02-15,20260215,2026,2,Feb,Feb 2026,1,FY2026-Q1,Sunday,2026-02-09
2026-02-16,20260216,2026,2,Feb,Feb 2026,1,FY2026-Q1,Monday,2026-02-16
2026-02-17,20260217,2026,2,Feb,Feb 2026,1,FY2026-Q1,Tuesday,2026-02-16
2026-02-18,20260218,2026,2,Feb,Feb 2026,1,FY2026-Q1,Wednesday,2026-02-16
2026-02-19,20260219,2026,2,Feb,Feb 2026,1,FY2026-Q1,Thursday,2026-02-16
2026-02-20,20260220,2026,2,Feb,Feb 2026,1,FY2026-Q1,Friday,2026-02-16
2026-02-21,20260221,2026,2,Feb,Feb 2026,1,FY2026-Q1,Saturday,2026-02-16
2026-02-22,20260222,2026,2,Feb,Feb 2026,1,FY2026-Q1,Sunday,2026-02-16
2026-02-23,20260223,2026,2,Feb,Feb 2026,1,FY2026-Q1,Monday,2026-02-23
2026-02-24,20260224,2026,2,Feb,Feb 2026,1,FY2026-Q1,Tuesday,2026-02-23
2026-02-25,20260225,2026,2,Feb,Feb 2026,1,FY2026-Q1,Wednesday,2026-02-23
2026-02-26,20260226,2026,2,Feb,Feb 2026,1,FY2026-Q1,Thursday,2026-02-23
2026-02-27,20260227,2026,2,Feb,Feb 2026,1,FY2026-Q1,Friday,2026-02-23
2026-02-28,20260228,2026,2,Feb,Feb 2026,1,FY2026-Q1,Saturday,2026-02-23
2026-03-01,20260301,2026,3,Mar,Mar 2026,1,FY2026-Q1,Sunday,2026-02-23
2026-03-02,20260302,2026,3,Mar,Mar 2026,1,FY2026-Q1,Monday,2026-03-02
2026-03-03,20260303,2026,3,Mar,Mar 2026,1,FY2026-Q1,Tuesday,2026-03-02
2026-03-04,20260304,2026,3,Mar,Mar 2026,1,FY2026-Q1,Wednesday,2026-03-02
2026-03-05,20260305,2026,3,Mar,Mar 2026,1,FY2026-Q1,Thursday,2026-03-02
2026-03-06,20260306,2026,3,Mar,Mar 2026,1,FY2026-Q1,Friday,2026-03-02
2026-03-07,20260307,2026,3,Mar,Mar 2026,1,FY2026-Q1,Saturday,2026-03-02
2026-03-08,20260308,2026,3,Mar,Mar 2026,1,FY2026-Q1,Sunday,2026-03-02
2026-03-09,20260309,2026,3,Mar,Mar 2026,1,FY2026-Q1,Monday,2026-03-09
2026-03-10,20260310,2026,3,Mar,Mar 2026,1,FY2026-Q1,Tuesday,2026-03-09
2026-03-11,20260311,2026,3,Mar,Mar 2026,1,FY2026-Q1,Wednesday,2026-03-09
2026-03-12,20260312,2026,3,Mar,Mar 2026,1,FY2026-Q1,Thursday,2026-03-09
2026-03-13,20260313,2026,3,Mar,Mar 2026,1,FY2026-Q1,Friday,2026-03-09
2026-03-14,20260314,2026,3,Mar,Mar 2026,1,FY2026-Q1,Saturday,2026-03-09
2026-03-15,20260315,2026,3,Mar,Mar 2026,1,FY2026-Q1,Sunday,2026-03-09
2026-03-16,20260316,2026,3,Mar,Mar 2026,1,FY2026-Q1,Monday,2026-03-16
2026-03-17,20260317,2026,3,Mar,Mar 2026,1,FY2026-Q1,Tuesday,2026-03-16
2026-03-18,20260318,2026,3,Mar,Mar 2026,1,FY2026-Q1,Wednesday,2026-03-16
2026-03-19,20260319,2026,3,Mar,Mar 2026,1,FY2026-Q1,Thursday,2026-03-16
2026-03-20,20260320,2026,3,Mar,Mar 2026,1,FY2026-Q1,Friday,2026-03-16
2026-03-21,20260321,2026,3,Mar,Mar 2026,1,FY2026-Q1,Saturday,2026-03-16
2026-03-22,20260322,2026,3,Mar,Mar 2026,1,FY2026-Q1,Sunday,2026-03-16
2026-03-23,20260323,2026,3,Mar,Mar 2026,1,FY2026-Q1,Monday,2026-03-23
2026-03-24,20260324,2026,3,Mar,Mar 2026,1,FY2026-Q1,Tuesday,2026-03-23
2026-03-25,20260325,2026,3,Mar,Mar 2026,1,FY2026-Q1,Wednesday,2026-03-23
2026-03-26,20260326,2026,3,Mar,Mar 2026,1,FY2026-Q1,Thursday,2026-03-23
2026-03-27,20260327,2026,3,Mar,Mar 2026,1,FY2026-Q1,Friday,2026-03-23
2026-03-28,20260328,2026,3,Mar,Mar 2026,1,FY2026-Q1,Saturday,2026-03-23
2026-03-29,20260329,2026,3,Mar,Mar 2026,1,FY2026-Q1,Sunday,2026-03-23
2026-03-30,20260330,2026,3,Mar,Mar 2026,1,FY2026-Q1,Monday,2026-03-30
2026-03-31,20260331,2026,3,Mar,Mar 2026,1,FY2026-Q1,Tuesday,2026-03-30
2026-04-01,20260401,2026,4,Apr,Apr 2026,2,FY2026-Q2,Wednesday,2026-03-30
2026-04-02,20260402,2026,4,Apr,Apr 2026,2,FY2026-Q2,Thursday,2026-03-30
2026-04-03,20260403,2026,4,Apr,Apr 2026,2,FY2026-Q2,Friday,2026-03-30
2026-04-04,20260404,2026,4,Apr,Apr 2026,2,FY2026-Q2,Saturday,2026-03-30
2026-04-05,20260405,2026,4,Apr,Apr 2026,2,FY2026-Q2,Sunday,2026-03-30
2026-04-06,20260406,2026,4,Apr,Apr 2026,2,FY2026-Q2,Monday,2026-04-06
2026-04-07,20260407,2026,4,Apr,Apr 2026,2,FY2026-Q2,Tuesday,2026-04-06
2026-04-08,20260408,2026,4,Apr,Apr 2026,2,FY2026-Q2,Wednesday,2026-04-06
2026-04-09,20260409,2026,4,Apr,Apr 2026,2,FY2026-Q2,Thursday,2026-04-06
2026-04-10,20260410,2026,4,Apr,Apr 2026,2,FY2026-Q2,Friday,2026-04-06
2026-04-11,20260411,2026,4,Apr,Apr 2026,2,FY2026-Q2,Saturday,2026-04-06
2026-04-12,20260412,2026,4,Apr,Apr 2026,2,FY2026-Q2,Sunday,2026-04-06
2026-04-13,20260413,2026,4,Apr,Apr 2026,2,FY2026-Q2,Monday,2026-04-13
2026-04-14,20260414,2026,4,Apr,Apr 2026,2,FY2026-Q2,Tuesday,2026-04-13
2026-04-15,20260415,2026,4,Apr,Apr 2026,2,FY2026-Q2,Wednesday,2026-04-13
2026-04-16,20260416,2026,4,Apr,Apr 2026,2,FY2026-Q2,Thursday,2026-04-13
2026-04-17,20260417,2026,4,Apr,Apr 2026,2,FY2026-Q2,Friday,2026-04-13
2026-04-18,20260418,2026,4,Apr,Apr 2026,2,FY2026-Q2,Saturday,2026-04-13
2026-04-19,20260419,2026,4,Apr,Apr 2026,2,FY2026-Q2,Sunday,2026-04-13
2026-04-20,20260420,2026,4,Apr,Apr 2026,2,FY2026-Q2,Monday,2026-04-20
2026-04-21,20260421,2026,4,Apr,Apr 2026,2,FY2026-Q2,Tuesday,2026-04-20
2026-04-22,20260422,2026,4,Apr,Apr 2026,2,FY2026-Q2,Wednesday,2026-04-20
2026-04-23,20260423,2026,4,Apr,Apr 2026,2,FY2026-Q2,Thursday,2026-04-20
2026-04-24,20260424,2026,4,Apr,Apr 2026,2,FY2026-Q2,Friday,2026-04-20
2026-04-25,20260425,2026,4,Apr,Apr 2026,2,FY2026-Q2,Saturday,2026-04-20
2026-04-26,20260426,2026,4,Apr,Apr 2026,2,FY2026-Q2,Sunday,2026-04-20
2026-04-27,20260427,2026,4,Apr,Apr 2026,2,FY2026-Q2,Monday,2026-04-27
2026-04-28,20260428,2026,4,Apr,Apr 2026,2,FY2026-Q2,Tuesday,2026-04-27
2026-04-29,20260429,2026,4,Apr,Apr 2026,2,FY2026-Q2,Wednesday,2026-04-27
2026-04-30,20260430,2026,4,Apr,Apr 2026,2,FY2026-Q2,Thursday,2026-04-27
2026-05-01,20260501,2026,5,May,May 2026,2,FY2026-Q2,Friday,2026-04-27
2026-05-02,20260502,2026,5,May,May 2026,2,FY2026-Q2,Saturday,2026-04-27
2026-05-03,20260503,2026,5,May,May 2026,2,FY2026-Q2,Sunday,2026-04-27
2026-05-04,20260504,2026,5,May,May 2026,2,FY2026-Q2,Monday,2026-05-04
2026-05-05,20260505,2026,5,May,May 2026,2,FY2026-Q2,Tuesday,2026-05-04
2026-05-06,20260506,2026,5,May,May 2026,2,FY2026-Q2,Wednesday,2026-05-04
2026-05-07,20260507,2026,5,May,May 2026,2,FY2026-Q2,Thursday,2026-05-04
2026-05-08,20260508,2026,5,May,May 2026,2,FY2026-Q2,Friday,2026-05-04
2026-05-09,20260509,2026,5,May,May 2026,2,FY2026-Q2,Saturday,2026-05-04
2026-05-10,20260510,2026,5,May,May 2026,2,FY2026-Q2,Sunday,2026-05-04
2026-05-11,20260511,2026,5,May,May 2026,2,FY2026-Q2,Monday,2026-05-11
2026-05-12,20260512,2026,5,May,May 2026,2,FY2026-Q2,Tuesday,2026-05-11
2026-05-13,20260513,2026,5,May,May 2026,2,FY2026-Q2,Wednesday,2026-05-11
2026-05-14,20260514,2026,5,May,May 2026,2,FY2026-Q2,Thursday,2026-05-11
2026-05-15,20260515,2026,5,May,May 2026,2,FY2026-Q2,Friday,2026-05-11
2026-05-16,20260516,2026,5,May,May 2026,2,FY2026-Q2,Saturday,2026-05-11
2026-05-17,20260517,2026,5,May,May 2026,2,FY2026-Q2,Sunday,2026-05-11
2026-05-18,20260518,2026,5,May,May 2026,2,FY2026-Q2,Monday,2026-05-18
2026-05-19,20260519,2026,5,May,May 2026,2,FY2026-Q2,Tuesday,2026-05-18
2026-05-20,20260520,2026,5,May,May 2026,2,FY2026-Q2,Wednesday,2026-05-18
2026-05-21,20260521,2026,5,May,May 2026,2,FY2026-Q2,Thursday,2026-05-18
2026-05-22,20260522,2026,5,May,May 2026,2,FY2026-Q2,Friday,2026-05-18
2026-05-23,20260523,2026,5,May,May 2026,2,FY2026-Q2,Saturday,2026-05-18
2026-05-24,20260524,2026,5,May,May 2026,2,FY2026-Q2,Sunday,2026-05-18
2026-05-25,20260525,2026,5,May,May 2026,2,FY2026-Q2,Monday,2026-05-25
2026-05-26,20260526,2026,5,May,May 2026,2,FY2026-Q2,Tuesday,2026-05-25
2026-05-27,20260527,2026,5,May,May 2026,2,FY2026-Q2,Wednesday,2026-05-25
2026-05-28,20260528,2026,5,May,May 2026,2,FY2026-Q2,Thursday,2026-05-25
2026-05-29,20260529,2026,5,May,May 2026,2,FY2026-Q2,Friday,2026-05-25
2026-05-30,20260530,2026,5,May,May 2026,2,FY2026-Q2,Saturday,2026-05-25
2026-05-31,20260531,2026,5,May,May 2026,2,FY2026-Q2,Sunday,2026-05-25
2026-06-01,20260601,2026,6,Jun,Jun 2026,2,FY2026-Q2,Monday,2026-06-01
2026-06-02,20260602,2026,6,Jun,Jun 2026,2,FY2026-Q2,Tuesday,2026-06-01
2026-06-03,20260603,2026,6,Jun,Jun 2026,2,FY2026-Q2,Wednesday,2026-06-01
2026-06-04,20260604,2026,6,Jun,Jun 2026,2,FY2026-Q2,Thursday,2026-06-01
2026-06-05,20260605,2026,6,Jun,Jun 2026,2,FY2026-Q2,Friday,2026-06-01
2026-06-06,20260606,2026,6,Jun,Jun 2026,2,FY2026-Q2,Saturday,2026-06-01
2026-06-07,20260607,2026,6,Jun,Jun 2026,2,FY2026-Q2,Sunday,2026-06-01
2026-06-08,20260608,2026,6,Jun,Jun 2026,2,FY2026-Q2,Monday,2026-06-08
2026-06-09,20260609,2026,6,Jun,Jun 2026,2,FY2026-Q2,Tuesday,2026-06-08
2026-06-10,20260610,2026,6,Jun,Jun 2026,2,FY2026-Q2,Wednesday,2026-06-08
2026-06-11,20260611,2026,6,Jun,Jun 2026,2,FY2026-Q2,Thursday,2026-06-08
2026-06-12,20260612,2026,6,Jun,Jun 2026,2,FY2026-Q2,Friday,2026-06-08
2026-06-13,20260613,2026,6,Jun,Jun 2026,2,FY2026-Q2,Saturday,2026-06-08
2026-06-14,20260614,2026,6,Jun,Jun 2026,2,FY2026-Q2,Sunday,2026-06-08
2026-06-15,20260615,2026,6,Jun,Jun 2026,2,FY2026-Q2,Monday,2026-06-15
2026-06-16,20260616,2026,6,Jun,Jun 2026,2,FY2026-Q2,Tuesday,2026-06-15
2026-06-17,20260617,2026,6,Jun,Jun 2026,2,FY2026-Q2,Wednesday,2026-06-15
2026-06-18,20260618,2026,6,Jun,Jun 2026,2,FY2026-Q2,Thursday,2026-06-15
2026-06-19,20260619,2026,6,Jun,Jun 2026,2,FY2026-Q2,Friday,2026-06-15
2026-06-20,20260620,2026,6,Jun,Jun 2026,2,FY2026-Q2,Saturday,2026-06-15
2026-06-21,20260621,2026,6,Jun,Jun 2026,2,FY2026-Q2,Sunday,2026-06-15
2026-06-22,20260622,2026,6,Jun,Jun 2026,2,FY2026-Q2,Monday,2026-06-22
2026-06-23,20260623,2026,6,Jun,Jun 2026,2,FY2026-Q2,Tuesday,2026-06-22
2026-06-24,20260624,2026,6,Jun,Jun 2026,2,FY2026-Q2,Wednesday,2026-06-22
2026-06-25,20260625,2026,6,Jun,Jun 2026,2,FY2026-Q2,Thursday,2026-06-22
2026-06-26,20260626,2026,6,Jun,Jun 2026,2,FY2026-Q2,Friday,2026-06-22
2026-06-27,20260627,2026,6,Jun,Jun 2026,2,FY2026-Q2,Saturday,2026-06-22
2026-06-28,20260628,2026,6,Jun,Jun 2026,2,FY2026-Q2,Sunday,2026-06-22
2026-06-29,20260629,2026,6,Jun,Jun 2026,2,FY2026-Q2,Monday,2026-06-29
2026-06-30,20260630,2026,6,Jun,Jun 2026,2,FY2026-Q2,Tuesday,2026-06-29
2026-07-01,20260701,2026,7,Jul,Jul 2026,3,FY2026-Q3,Wednesday,2026-06-29
2026-07-02,20260702,2026,7,Jul,Jul 2026,3,FY2026-Q3,Thursday,2026-06-29
2026-07-03,20260703,2026,7,Jul,Jul 2026,3,FY2026-Q3,Friday,2026-06-29
2026-07-04,20260704,2026,7,Jul,Jul 2026,3,FY2026-Q3,Saturday,2026-06-29
2026-07-05,20260705,2026,7,Jul,Jul 2026,3,FY2026-Q3,Sunday,2026-06-29
2026-07-06,20260706,2026,7,Jul,Jul 2026,3,FY2026-Q3,Monday,2026-07-06
2026-07-07,20260707,2026,7,Jul,Jul 2026,3,FY2026-Q3,Tuesday,2026-07-06
2026-07-08,20260708,2026,7,Jul,Jul 2026,3,FY2026-Q3,Wednesday,2026-07-06
2026-07-09,20260709,2026,7,Jul,Jul 2026,3,FY2026-Q3,Thursday,2026-07-06
2026-07-10,20260710,2026,7,Jul,Jul 2026,3,FY2026-Q3,Friday,2026-07-06
2026-07-11,20260711,2026,7,Jul,Jul 2026,3,FY2026-Q3,Saturday,2026-07-06
2026-07-12,20260712,2026,7,Jul,Jul 2026,3,FY2026-Q3,Sunday,2026-07-06
2026-07-13,20260713,2026,7,Jul,Jul 2026,3,FY2026-Q3,Monday,2026-07-13
2026-07-14,20260714,2026,7,Jul,Jul 2026,3,FY2026-Q3,Tuesday,2026-07-13
2026-07-15,20260715,2026,7,Jul,Jul 2026,3,FY2026-Q3,Wednesday,2026-07-13
2026-07-16,20260716,2026,7,Jul,Jul 2026,3,FY2026-Q3,Thursday,2026-07-13
2026-07-17,20260717,2026,7,Jul,Jul 2026,3,FY2026-Q3,Friday,2026-07-13
2026-07-18,20260718,2026,7,Jul,Jul 2026,3,FY2026-Q3,Saturday,2026-07-13
2026-07-19,20260719,2026,7,Jul,Jul 2026,3,FY2026-Q3,Sunday,2026-07-13
2026-07-20,20260720,2026,7,Jul,Jul 2026,3,FY2026-Q3,Monday,2026-07-20
2026-07-21,20260721,2026,7,Jul,Jul 2026,3,FY2026-Q3,Tuesday,2026-07-20
2026-07-22,20260722,2026,7,Jul,Jul 2026,3,FY2026-Q3,Wednesday,2026-07-20
2026-07-23,20260723,2026,7,Jul,Jul 2026,3,FY2026-Q3,Thursday,2026-07-20
2026-07-24,20260724,2026,7,Jul,Jul 2026,3,FY2026-Q3,Friday,2026-07-20
2026-07-25,20260725,2026,7,Jul,Jul 2026,3,FY2026-Q3,Saturday,2026-07-20
2026-07-26,20260726,2026,7,Jul,Jul 2026,3,FY2026-Q3,Sunday,2026-07-20
2026-07-27,20260727,2026,7,Jul,Jul 2026,3,FY2026-Q3,Monday,2026-07-27
2026-07-28,20260728,2026,7,Jul,Jul 2026,3,FY2026-Q3,Tuesday,2026-07-27
2026-07-29,20260729,2026,7,Jul,Jul 2026,3,FY2026-Q3,Wednesday,2026-07-27
2026-07-30,20260730,2026,7,Jul,Jul 2026,3,FY2026-Q3,Thursday,2026-07-27
2026-07-31,20260731,2026,7,Jul,Jul 2026,3,FY2026-Q3,Friday,2026-07-27
2026-08-01,20260801,2026,8,Aug,Aug 2026,3,FY2026-Q3,Saturday,2026-07-27
2026-08-02,20260802,2026,8,Aug,Aug 2026,3,FY2026-Q3,Sunday,2026-07-27
2026-08-03,20260803,2026,8,Aug,Aug 2026,3,FY2026-Q3,Monday,2026-08-03
2026-08-04,20260804,2026,8,Aug,Aug 2026,3,FY2026-Q3,Tuesday,2026-08-03
2026-08-05,20260805,2026,8,Aug,Aug 2026,3,FY2026-Q3,Wednesday,2026-08-03
2026-08-06,20260806,2026,8,Aug,Aug 2026,3,FY2026-Q3,Thursday,2026-08-03
2026-08-07,20260807,2026,8,Aug,Aug 2026,3,FY2026-Q3,Friday,2026-08-03
2026-08-08,20260808,2026,8,Aug,Aug 2026,3,FY2026-Q3,Saturday,2026-08-03
2026-08-09,20260809,2026,8,Aug,Aug 2026,3,FY2026-Q3,Sunday,2026-08-03
2026-08-10,20260810,2026,8,Aug,Aug 2026,3,FY2026-Q3,Monday,2026-08-10
2026-08-11,20260811,2026,8,Aug,Aug 2026,3,FY2026-Q3,Tuesday,2026-08-10
2026-08-12,20260812,2026,8,Aug,Aug 2026,3,FY2026-Q3,Wednesday,2026-08-10
2026-08-13,20260813,2026,8,Aug,Aug 2026,3,FY2026-Q3,Thursday,2026-08-10
2026-08-14,20260814,2026,8,Aug,Aug 2026,3,FY2026-Q3,Friday,2026-08-10
2026-08-15,20260815,2026,8,Aug,Aug 2026,3,FY2026-Q3,Saturday,2026-08-10
2026-08-16,20260816,2026,8,Aug,Aug 2026,3,FY2026-Q3,Sunday,2026-08-10
2026-08-17,20260817,2026,8,Aug,Aug 2026,3,FY2026-Q3,Monday,2026-08-17
2026-08-18,20260818,2026,8,Aug,Aug 2026,3,FY2026-Q3,Tuesday,2026-08-17
2026-08-19,20260819,2026,8,Aug,Aug 2026,3,FY2026-Q3,Wednesday,2026-08-17
2026-08-20,20260820,2026,8,Aug,Aug 2026,3,FY2026-Q3,Thursday,2026-08-17
2026-08-21,20260821,2026,8,Aug,Aug 2026,3,FY2026-Q3,Friday,2026-08-17
2026-08-22,20260822,2026,8,Aug,Aug 2026,3,FY2026-Q3,Saturday,2026-08-17
2026-08-23,20260823,2026,8,Aug,Aug 2026,3,FY2026-Q3,Sunday,2026-08-17
2026-08-24,20260824,2026,8,Aug,Aug 2026,3,FY2026-Q3,Monday,2026-08-24
2026-08-25,20260825,2026,8,Aug,Aug 2026,3,FY2026-Q3,Tuesday,2026-08-24
2026-08-26,20260826,2026,8,Aug,Aug 2026,3,FY2026-Q3,Wednesday,2026-08-24
2026-08-27,20260827,2026,8,Aug,Aug 2026,3,FY2026-Q3,Thursday,2026-08-24
2026-08-28,20260828,2026,8,Aug,Aug 2026,3,FY2026-Q3,Friday,2026-08-24
2026-08-29,20260829,2026,8,Aug,Aug 2026,3,FY2026-Q3,Saturday,2026-08-24
2026-08-30,20260830,2026,8,Aug,Aug 2026,3,FY2026-Q3,Sunday,2026-08-24
2026-08-31,20260831,2026,8,Aug,Aug 2026,3,FY2026-Q3,Monday,2026-08-31
2026-09-01,20260901,2026,9,Sep,Sep 2026,3,FY2026-Q3,Tuesday,2026-08-31
2026-09-02,20260902,2026,9,Sep,Sep 2026,3,FY2026-Q3,Wednesday,2026-08-31
2026-09-03,20260903,2026,9,Sep,Sep 2026,3,FY2026-Q3,Thursday,2026-08-31
2026-09-04,20260904,2026,9,Sep,Sep 2026,3,FY2026-Q3,Friday,2026-08-31
2026-09-05,20260905,2026,9,Sep,Sep 2026,3,FY2026-Q3,Saturday,2026-08-31
2026-09-06,20260906,2026,9,Sep,Sep 2026,3,FY2026-Q3,Sunday,2026-08-31
2026-09-07,20260907,2026,9,Sep,Sep 2026,3,FY2026-Q3,Monday,2026-09-07
2026-09-08,20260908,2026,9,Sep,Sep 2026,3,FY2026-Q3,Tuesday,2026-09-07
2026-09-09,20260909,2026,9,Sep,Sep 2026,3,FY2026-Q3,Wednesday,2026-09-07
2026-09-10,20260910,2026,9,Sep,Sep 2026,3,FY2026-Q3,Thursday,2026-09-07
2026-09-11,20260911,2026,9,Sep,Sep 2026,3,FY2026-Q3,Friday,2026-09-07
2026-09-12,20260912,2026,9,Sep,Sep 2026,3,FY2026-Q3,Saturday,2026-09-07
2026-09-13,20260913,2026,9,Sep,Sep 2026,3,FY2026-Q3,Sunday,2026-09-07
2026-09-14,20260914,2026,9,Sep,Sep 2026,3,FY2026-Q3,Monday,2026-09-14
2026-09-15,20260915,2026,9,Sep,Sep 2026,3,FY2026-Q3,Tuesday,2026-09-14
2026-09-16,20260916,2026,9,Sep,Sep 2026,3,FY2026-Q3,Wednesday,2026-09-14
2026-09-17,20260917,2026,9,Sep,Sep 2026,3,FY2026-Q3,Thursday,2026-09-14
2026-09-18,20260918,2026,9,Sep,Sep 2026,3,FY2026-Q3,Friday,2026-09-14
2026-09-19,20260919,2026,9,Sep,Sep 2026,3,FY2026-Q3,Saturday,2026-09-14
2026-09-20,20260920,2026,9,Sep,Sep 2026,3,FY2026-Q3,Sunday,2026-09-14
2026-09-21,20260921,2026,9,Sep,Sep 2026,3,FY2026-Q3,Monday,2026-09-21
2026-09-22,20260922,2026,9,Sep,Sep 2026,3,FY2026-Q3,Tuesday,2026-09-21
2026-09-23,20260923,2026,9,Sep,Sep 2026,3,FY2026-Q3,Wednesday,2026-09-21
2026-09-24,20260924,2026,9,Sep,Sep 2026,3,FY2026-Q3,Thursday,2026-09-21
2026-09-25,20260925,2026,9,Sep,Sep 2026,3,FY2026-Q3,Friday,2026-09-21
2026-09-26,20260926,2026,9,Sep,Sep 2026,3,FY2026-Q3,Saturday,2026-09-21
2026-09-27,20260927,2026,9,Sep,Sep 2026,3,FY2026-Q3,Sunday,2026-09-21
2026-09-28,20260928,2026,9,Sep,Sep 2026,3,FY2026-Q3,Monday,2026-09-28
2026-09-29,20260929,2026,9,Sep,Sep 2026,3,FY2026-Q3,Tuesday,2026-09-28
2026-09-30,20260930,2026,9,Sep,Sep 2026,3,FY2026-Q3,Wednesday,2026-09-28
2026-10-01,20261001,2026,10,Oct,Oct 2026,4,FY2026-Q4,Thursday,2026-09-28
2026-10-02,20261002,2026,10,Oct,Oct 2026,4,FY2026-Q4,Friday,2026-09-28
2026-10-03,20261003,2026,10,Oct,Oct 2026,4,FY2026-Q4,Saturday,2026-09-28
2026-10-04,20261004,2026,10,Oct,Oct 2026,4,FY2026-Q4,Sunday,2026-09-28
2026-10-05,20261005,2026,10,Oct,Oct 2026,4,FY2026-Q4,Monday,2026-10-05
2026-10-06,20261006,2026,10,Oct,Oct 2026,4,FY2026-Q4,Tuesday,2026-10-05
2026-10-07,20261007,2026,10,Oct,Oct 2026,4,FY2026-Q4,Wednesday,2026-10-05
2026-10-08,20261008,2026,10,Oct,Oct 2026,4,FY2026-Q4,Thursday,2026-10-05
2026-10-09,20261009,2026,10,Oct,Oct 2026,4,FY2026-Q4,Friday,2026-10-05
2026-10-10,20261010,2026,10,Oct,Oct 2026,4,FY2026-Q4,Saturday,2026-10-05
2026-10-11,20261011,2026,10,Oct,Oct 2026,4,FY2026-Q4,Sunday,2026-10-05
2026-10-12,20261012,2026,10,Oct,Oct 2026,4,FY2026-Q4,Monday,2026-10-12
2026-10-13,20261013,2026,10,Oct,Oct 2026,4,FY2026-Q4,Tuesday,2026-10-12
2026-10-14,20261014,2026,10,Oct,Oct 2026,4,FY2026-Q4,Wednesday,2026-10-12
2026-10-15,20261015,2026,10,Oct,Oct 2026,4,FY2026-Q4,Thursday,2026-10-12
2026-10-16,20261016,2026,10,Oct,Oct 2026,4,FY2026-Q4,Friday,2026-10-12
2026-10-17,20261017,2026,10,Oct,Oct 2026,4,FY2026-Q4,Saturday,2026-10-12
2026-10-18,20261018,2026,10,Oct,Oct 2026,4,FY2026-Q4,Sunday,2026-10-12
2026-10-19,20261019,2026,10,Oct,Oct 2026,4,FY2026-Q4,Monday,2026-10-19
2026-10-20,20261020,2026,10,Oct,Oct 2026,4,FY2026-Q4,Tuesday,2026-10-19
2026-10-21,20261021,2026,10,Oct,Oct 2026,4,FY2026-Q4,Wednesday,2026-10-19
2026-10-22,20261022,2026,10,Oct,Oct 2026,4,FY2026-Q4,Thursday,2026-10-19
2026-10-23,20261023,2026,10,Oct,Oct 2026,4,FY2026-Q4,Friday,2026-10-19
2026-10-24,20261024,2026,10,Oct,Oct 2026,4,FY2026-Q4,Saturday,2026-10-19
2026-10-25,20261025,2026,10,Oct,Oct 2026,4,FY2026-Q4,Sunday,2026-10-19
2026-10-26,20261026,2026,10,Oct,Oct 2026,4,FY2026-Q4,Monday,2026-10-26
2026-10-27,20261027,2026,10,Oct,Oct 2026,4,FY2026-Q4,Tuesday,2026-10-26
2026-10-28,20261028,2026,10,Oct,Oct 2026,4,FY2026-Q4,Wednesday,2026-10-26
2026-10-29,20261029,2026,10,Oct,Oct 2026,4,FY2026-Q4,Thursday,2026-10-26
2026-10-30,20261030,2026,10,Oct,Oct 2026,4,FY2026-Q4,Friday,2026-10-26
2026-10-31,20261031,2026,10,Oct,Oct 2026,4,FY2026-Q4,Saturday,2026-10-26
2026-11-01,20261101,2026,11,Nov,Nov 2026,4,FY2026-Q4,Sunday,2026-10-26
2026-11-02,20261102,2026,11,Nov,Nov 2026,4,FY2026-Q4,Monday,2026-11-02
2026-11-03,20261103,2026,11,Nov,Nov 2026,4,FY2026-Q4,Tuesday,2026-11-02
2026-11-04,20261104,2026,11,Nov,Nov 2026,4,FY2026-Q4,Wednesday,2026-11-02
2026-11-05,20261105,2026,11,Nov,Nov 2026,4,FY2026-Q4,Thursday,2026-11-02
2026-11-06,20261106,2026,11,Nov,Nov 2026,4,FY2026-Q4,Friday,2026-11-02
2026-11-07,20261107,2026,11,Nov,Nov 2026,4,FY2026-Q4,Saturday,2026-11-02
2026-11-08,20261108,2026,11,Nov,Nov 2026,4,FY2026-Q4,Sunday,2026-11-02
2026-11-09,20261109,2026,11,Nov,Nov 2026,4,FY2026-Q4,Monday,2026-11-09
2026-11-10,20261110,2026,11,Nov,Nov 2026,4,FY2026-Q4,Tuesday,2026-11-09
2026-11-11,20261111,2026,11,Nov,Nov 2026,4,FY2026-Q4,Wednesday,2026-11-09
2026-11-12,20261112,2026,11,Nov,Nov 2026,4,FY2026-Q4,Thursday,2026-11-09
2026-11-13,20261113,2026,11,Nov,Nov 2026,4,FY2026-Q4,Friday,2026-11-09
2026-11-14,20261114,2026,11,Nov,Nov 2026,4,FY2026-Q4,Saturday,2026-11-09
2026-11-15,20261115,2026,11,Nov,Nov 2026,4,FY2026-Q4,Sunday,2026-11-09
2026-11-16,20261116,2026,11,Nov,Nov 2026,4,FY2026-Q4,Monday,2026-11-16
2026-11-17,20261117,2026,11,Nov,Nov 2026,4,FY2026-Q4,Tuesday,2026-11-16
2026-11-18,20261118,2026,11,Nov,Nov 2026,4,FY2026-Q4,Wednesday,2026-11-16
2026-11-19,20261119,2026,11,Nov,Nov 2026,4,FY2026-Q4,Thursday,2026-11-16
2026-11-20,20261120,2026,11,Nov,Nov 2026,4,FY2026-Q4,Friday,2026-11-16
2026-11-21,20261121,2026,11,Nov,Nov 2026,4,FY2026-Q4,Saturday,2026-11-16
2026-11-22,20261122,2026,11,Nov,Nov 2026,4,FY2026-Q4,Sunday,2026-11-16
2026-11-23,20261123,2026,11,Nov,Nov 2026,4,FY2026-Q4,Monday,2026-11-23
2026-11-24,20261124,2026,11,Nov,Nov 2026,4,FY2026-Q4,Tuesday,2026-11-23
2026-11-25,20261125,2026,11,Nov,Nov 2026,4,FY2026-Q4,Wednesday,2026-11-23
2026-11-26,20261126,2026,11,Nov,Nov 2026,4,FY2026-Q4,Thursday,2026-11-23
2026-11-27,20261127,2026,11,Nov,Nov 2026,4,FY2026-Q4,Friday,2026-11-23
2026-11-28,20261128,2026,11,Nov,Nov 2026,4,FY2026-Q4,Saturday,2026-11-23
2026-11-29,20261129,2026,11,Nov,Nov 2026,4,FY2026-Q4,Sunday,2026-11-23
2026-11-30,20261130,2026,11,Nov,Nov 2026,4,FY2026-Q4,Monday,2026-11-30
2026-12-01,20261201,2026,12,Dec,Dec 2026,4,FY2026-Q4,Tuesday,2026-11-30
2026-12-02,20261202,2026,12,Dec,Dec 2026,4,FY2026-Q4,Wednesday,2026-11-30
2026-12-03,20261203,2026,12,Dec,Dec 2026,4,FY2026-Q4,Thursday,2026-11-30
2026-12-04,20261204,2026,12,Dec,Dec 2026,4,FY2026-Q4,Friday,2026-11-30
2026-12-05,20261205,2026,12,Dec,Dec 2026,4,FY2026-Q4,Saturday,2026-11-30
2026-12-06,20261206,2026,12,Dec,Dec 2026,4,FY2026-Q4,Sunday,2026-11-30
2026-12-07,20261207,2026,12,Dec,Dec 2026,4,FY2026-Q4,Monday,2026-12-07
2026-12-08,20261208,2026,12,Dec,Dec 2026,4,FY2026-Q4,Tuesday,2026-12-07
2026-12-09,20261209,2026,12,Dec,Dec 2026,4,FY2026-Q4,Wednesday,2026-12-07
2026-12-10,20261210,2026,12,Dec,Dec 2026,4,FY2026-Q4,Thursday,2026-12-07
2026-12-11,20261211,2026,12,Dec,Dec 2026,4,FY2026-Q4,Friday,2026-12-07
2026-12-12,20261212,2026,12,Dec,Dec 2026,4,FY2026-Q4,Saturday,2026-12-07
2026-12-13,20261213,2026,12,Dec,Dec 2026,4,FY2026-Q4,Sunday,2026-12-07
2026-12-14,20261214,2026,12,Dec,Dec 2026,4,FY2026-Q4,Monday,2026-12-14
2026-12-15,20261215,2026,12,Dec,Dec 2026,4,FY2026-Q4,Tuesday,2026-12-14
2026-12-16,20261216,2026,12,Dec,Dec 2026,4,FY2026-Q4,Wednesday,2026-12-14
2026-12-17,20261217,2026,12,Dec,Dec 2026,4,FY2026-Q4,Thursday,2026-12-14
2026-12-18,20261218,2026,12,Dec,Dec 2026,4,FY2026-Q4,Friday,2026-12-14
2026-12-19,20261219,2026,12,Dec,Dec 2026,4,FY2026-Q4,Saturday,2026-12-14
2026-12-20,20261220,2026,12,Dec,Dec 2026,4,FY2026-Q4,Sunday,2026-12-14
2026-12-21,20261221,2026,12,Dec,Dec 2026,4,FY2026-Q4,Monday,2026-12-21
2026-12-22,20261222,2026,12,Dec,Dec 2026,4,FY2026-Q4,Tuesday,2026-12-21
2026-12-23,20261223,2026,12,Dec,Dec 2026,4,FY2026-Q4,Wednesday,2026-12-21
2026-12-24,20261224,2026,12,Dec,Dec 2026,4,FY2026-Q4,Thursday,2026-12-21
2026-12-25,20261225,2026,12,Dec,Dec 2026,4,FY2026-Q4,Friday,2026-12-21
2026-12-26,20261226,2026,12,Dec,Dec 2026,4,FY2026-Q4,Saturday,2026-12-21
2026-12-27,20261227,2026,12,Dec,Dec 2026,4,FY2026-Q4,Sunday,2026-12-21
2026-12-28,20261228,2026,12,Dec,Dec 2026,4,FY2026-Q4,Monday,2026-12-28
2026-12-29,20261229,2026,12,Dec,Dec 2026,4,FY2026-Q4,Tuesday,2026-12-28
2026-12-30,20261230,2026,12,Dec,Dec 2026,4,FY2026-Q4,Wednesday,2026-12-28
2026-12-31,20261231,2026,12,Dec,Dec 2026,4,FY2026-Q4,Thursday,2026-12-28
